file,marker,frame,release_x,release_y,release_z,pitcher_id,elbow_angle,shoulder_angle
openbiomechanics\baseball_pitching\data\c3d\000002\000002_003034_73_207_002_FF_809.c3d,RFIN,572,1.2705674171447754,-0.7008107900619507,1.5954872369766235,000002,119.4700442892529,51.50263830871216
openbiomechanics\baseball_pitching\data\c3d\000002\000002_003034_73_207_005_FF_814.c3d,RFIN,557,1.3491607904434204,-0.7120254039764404,1.6154955625534058,000002,123.33555610246053,48.64646213144338
openbiomechanics\baseball_pitching\data\c3d\000002\000002_003034_73_207_006_FF_803.c3d,RFIN,521,1.3302544355392456,-0.6980416774749756,1.619359016418457,000002,124.80142132563098,50.416624502298376
openbiomechanics\baseball_pitching\data\c3d\000002\000002_003034_73_207_008_FF_798.c3d,RFIN,523,1.664149284362793,-0.5790538191795349,1.57550847530365,000002,131.4999827181038,35.61556915093947
openbiomechanics\baseball_pitching\data\c3d\000002\000002_003034_73_207_011_FF_799.c3d,RFIN,508,1.5876851081848145,-0.6584961414337158,1.599562168121338,000002,133.5735432567494,36.97803466454854
openbiomechanics\baseball_pitching\data\c3d\000002\000002_003034_model.c3d,RFIN,8,-0.22232241928577423,-1.0768581628799438,1.7092210054397583,000002,147.94167191324942,45.598403396451104
openbiomechanics\baseball_pitching\data\c3d\000072\000072_002996_76_229_001_FF_889.c3d,RFIN,502,1.9198150634765625,-0.4759224057197571,1.603330135345459,000072,120.3709734564229,21.883603710116954
openbiomechanics\baseball_pitching\data\c3d\000072\000072_002996_76_229_005_FF_894.c3d,RFIN,493,1.8395700454711914,-0.4528728723526001,1.6092761754989624,000072,125.45459874780911,23.031109682113474
openbiomechanics\baseball_pitching\data\c3d\000072\000072_002996_76_229_006_FF_887.c3d,RFIN,495,1.9113050699234009,-0.4182192087173462,1.6239007711410522,000072,125.3390783670845,23.582293866811742
openbiomechanics\baseball_pitching\data\c3d\000072\000072_002996_76_229_007_FF_863.c3d,RFIN,480,1.9801133871078491,-0.4273264408111572,1.537274956703186,000072,125.12577687696424,22.976588241082897
openbiomechanics\baseball_pitching\data\c3d\000072\000072_002996_model.c3d,RFIN,9,0.04281365126371384,-1.1300270557403564,1.6046957969665527,000072,142.9874475004686,52.962309417955105
openbiomechanics\baseball_pitching\data\c3d\000090\000090_003044_74_253_002_FF_871.c3d,RFIN,586,1.9744915962219238,-0.9642052054405212,1.3868104219436646,000090,130.18268789903485,24.91043797957451
openbiomechanics\baseball_pitching\data\c3d\000090\000090_003044_74_253_003_FF_873.c3d,RFIN,613,1.982492446899414,-0.9244384765625,1.3781031370162964,000090,116.47274666355436,33.29854502774252
openbiomechanics\baseball_pitching\data\c3d\000090\000090_003044_74_253_004_FF_878.c3d,RFIN,585,1.9102307558059692,-0.9684678912162781,1.4095364809036255,000090,131.526716479513,26.702535455880035
openbiomechanics\baseball_pitching\data\c3d\000090\000090_003044_74_253_005_FF_878.c3d,RFIN,707,1.9270702600479126,-1.0935252904891968,1.3548486232757568,000090,130.15776434961703,29.66586760332385
openbiomechanics\baseball_pitching\data\c3d\000090\000090_003044_74_253_006_FF_878.c3d,RFIN,752,1.9734567403793335,-1.0172557830810547,1.3952202796936035,000090,125.35352186249072,26.652894503645452
openbiomechanics\baseball_pitching\data\c3d\000090\000090_003044_model.c3d,RFIN,8,0.029665879905223846,-1.1114169359207153,1.6680153608322144,000090,155.75762854102115,48.06781627257387
openbiomechanics\baseball_pitching\data\c3d\000283\000283_001826_75_201_001_FF_893.c3d,RFIN,515,1.9624501466751099,-0.5258455872535706,1.5458252429962158,000283,133.6841021343107,31.13864119738362
openbiomechanics\baseball_pitching\data\c3d\000283\000283_001826_75_201_004_FF_889.c3d,RFIN,470,1.9762685298919678,-0.5335206985473633,1.5174800157546997,000283,134.0460582092629,30.6594384777247
openbiomechanics\baseball_pitching\data\c3d\000283\000283_001826_75_201_007_FF_888.c3d,RFIN,477,1.9973348379135132,-0.4467984437942505,1.5100992918014526,000283,134.42749868621027,29.957970809430826
openbiomechanics\baseball_pitching\data\c3d\000283\000283_001826_75_201_008_FF_896.c3d,RFIN,485,1.9959776401519775,-0.42798173427581787,1.5503805875778198,000283,135.87491471118489,28.902664176409587
openbiomechanics\baseball_pitching\data\c3d\000283\000283_001826_75_201_009_FF_891.c3d,RFIN,497,1.9800660610198975,-0.4990250766277313,1.5344935655593872,000283,135.18017994532522,31.829561531707522
openbiomechanics\baseball_pitching\data\c3d\000283\000283_001826_model.c3d,LFIN,2,-0.09135223180055618,0.5398473143577576,1.6269779205322266,000283,148.1064907592494,51.775760881009134
openbiomechanics\baseball_pitching\data\c3d\000359\000359_002734_72_194_001_FF_879.c3d,RFIN,555,1.9766228199005127,-0.6468548774719238,1.3616164922714233,000359,135.1093758397841,27.86341631326152
openbiomechanics\baseball_pitching\data\c3d\000359\000359_002734_72_194_002_FF_881.c3d,RFIN,551,1.94779372215271,-0.6740033030509949,1.354322910308838,000359,136.76028946543047,27.50110367153369
openbiomechanics\baseball_pitching\data\c3d\000359\000359_002734_72_194_003_FF_878.c3d,RFIN,485,1.9701415300369263,-0.5783746242523193,1.3991838693618774,000359,135.68263871677797,26.757022804126215
openbiomechanics\baseball_pitching\data\c3d\000359\000359_002734_72_194_004_FF_884.c3d,RFIN,581,1.9348453283309937,-0.7158998847007751,1.3512835502624512,000359,137.0048079656787,28.43483202022919
openbiomechanics\baseball_pitching\data\c3d\000359\000359_002734_72_194_005_FF_868.c3d,RFIN,547,1.8772233724594116,-0.7260261178016663,1.3795429468154907,000359,138.04443036648314,29.975568093860534
openbiomechanics\baseball_pitching\data\c3d\000359\000359_002734_model.c3d,LFIN,8,-0.034960050135850906,0.35522621870040894,1.5786566734313965,000359,150.33275612394667,43.723896793955895
openbiomechanics\baseball_pitching\data\c3d\000511\000511_001688_78_235_003_FF_931.c3d,RFIN,602,2.0252997875213623,-0.5816198587417603,1.5896049737930298,000511,127.46013465610292,28.823611814340385
openbiomechanics\baseball_pitching\data\c3d\000511\000511_001688_78_235_004_FF_914.c3d,RFIN,568,2.0570006370544434,-0.6227470636367798,1.5399320125579834,000511,129.46780847812545,30.83102211100765
openbiomechanics\baseball_pitching\data\c3d\000511\000511_001688_model.c3d,RFIN,8,0.0969061404466629,-1.1024171113967896,1.7450345754623413,000511,140.00565588860286,50.152158994794455
openbiomechanics\baseball_pitching\data\c3d\000538\000538_001808_72_217_002_FF_811.c3d,RFIN,493,1.6693642139434814,-0.6640036106109619,1.4810713529586792,000538,128.7897497303994,37.38279927559093
openbiomechanics\baseball_pitching\data\c3d\000538\000538_001808_72_217_003_FF_808.c3d,RFIN,447,1.6437878608703613,-0.6952723264694214,1.4777073860168457,000538,131.0059536703563,35.900483161722605
openbiomechanics\baseball_pitching\data\c3d\000538\000538_001808_72_217_004_FF_813.c3d,RFIN,453,1.6806868314743042,-0.7096737623214722,1.4503767490386963,000538,128.00414530424024,37.81647766234315
openbiomechanics\baseball_pitching\data\c3d\000538\000538_001808_72_217_005_FF_812.c3d,RFIN,417,1.6073969602584839,-0.7069193124771118,1.5073204040527344,000538,128.6480774770484,39.17542884122511
openbiomechanics\baseball_pitching\data\c3d\000538\000538_001808_72_217_008_FF_812.c3d,RFIN,435,1.6493113040924072,-0.6303609609603882,1.4902608394622803,000538,129.792580476119,38.26177449741555
openbiomechanics\baseball_pitching\data\c3d\000538\000538_001808_model.c3d,LFIN,5,-0.10578635334968567,0.5165392756462097,1.5930266380310059,000538,142.58031927070914,50.96140756733241
openbiomechanics\baseball_pitching\data\c3d\000560\000560_001779_79_228_001_FF_837.c3d,LFIN,398,2.0023279190063477,0.02286398783326149,1.563393235206604,000560,84.2813166518256,68.18132692820225
openbiomechanics\baseball_pitching\data\c3d\000560\000560_001779_79_228_005_FF_852.c3d,LFIN,381,1.932361364364624,0.06800968945026398,1.6100311279296875,000560,86.83839123793832,68.03520674183723
openbiomechanics\baseball_pitching\data\c3d\000560\000560_001779_79_228_006_FF_835.c3d,LFIN,393,2.044734001159668,-0.022915758192539215,1.5637637376785278,000560,86.16683422733841,69.68634160246354
openbiomechanics\baseball_pitching\data\c3d\000560\000560_001779_model.c3d,RFIN,5,0.11361843347549438,-1.1680024862289429,1.9138269424438477,000560,145.70112725623008,45.84269091071767
openbiomechanics\baseball_pitching\data\c3d\000565\000565_002843_70_184_001_FF_869.c3d,RFIN,458,1.5536609888076782,-0.34831494092941284,1.5658670663833618,000565,135.09796445366686,31.098154734067
openbiomechanics\baseball_pitching\data\c3d\000565\000565_002843_70_184_002_FF_858.c3d,RFIN,399,1.6250176429748535,-0.44773945212364197,1.5169882774353027,000565,134.35267812852854,29.486528050319183
openbiomechanics\baseball_pitching\data\c3d\000565\000565_002843_70_184_003_FF_863.c3d,RFIN,430,1.5289437770843506,-0.5542469620704651,1.5692172050476074,000565,133.94396853964366,31.62874263960449
openbiomechanics\baseball_pitching\data\c3d\000565\000565_002843_70_184_005_FF_853.c3d,RFIN,421,1.607865333557129,-0.4635939300060272,1.5035037994384766,000565,133.89382792080738,30.66028160997106
openbiomechanics\baseball_pitching\data\c3d\000565\000565_002843_70_184_007_FF_862.c3d,RFIN,414,1.6533737182617188,-0.499591201543808,1.4449995756149292,000565,134.2028665906667,31.41999791595449
openbiomechanics\baseball_pitching\data\c3d\000565\000565_002843_model.c3d,RFIN,5,-0.13941612839698792,-1.0149918794631958,1.5722202062606812,000565,141.97621132770482,51.27396171199231
openbiomechanics\baseball_pitching\data\c3d\000572\000572_003222_67_193_002_FF_778.c3d,RFIN,451,1.5883913040161133,-0.6909193992614746,1.4257057905197144,000572,134.06413284779106,33.13523489356557
openbiomechanics\baseball_pitching\data\c3d\000572\000572_003222_67_193_003_FF_771.c3d,RFIN,435,1.469620943069458,-0.587858259677887,1.467440128326416,000572,134.78506678339832,34.273352170982406
openbiomechanics\baseball_pitching\data\c3d\000572\000572_003222_67_193_004_FF_779.c3d,RFIN,405,1.4504175186157227,-0.6999841928482056,1.4776415824890137,000572,135.0034592782561,35.42599672174053
openbiomechanics\baseball_pitching\data\c3d\000572\000572_003222_67_193_005_FF_772.c3d,RFIN,401,1.5197181701660156,-0.6649564504623413,1.4657319784164429,000572,133.2891427513875,34.56549831028424
openbiomechanics\baseball_pitching\data\c3d\000572\000572_003222_67_193_006_FF_781.c3d,RFIN,413,1.5377986431121826,-0.7443490624427795,1.4483916759490967,000572,133.49221457030634,34.194929843725994
openbiomechanics\baseball_pitching\data\c3d\000572\000572_003222_model.c3d,RFIN,9,-0.010056967847049236,-1.0242012739181519,1.4906073808670044,000572,139.88656138477214,47.55006018498176
openbiomechanics\baseball_pitching\data\c3d\000581\000581_002742_75_220_002_FF_877.c3d,RFIN,487,1.2194613218307495,-0.6305854320526123,1.5221028327941895,000581,127.07620966481748,48.032120124357604
openbiomechanics\baseball_pitching\data\c3d\000581\000581_002742_75_220_003_FF_876.c3d,RFIN,449,1.2173274755477905,-0.6657871007919312,1.5564061403274536,000581,127.59490157922498,46.081334442987135
openbiomechanics\baseball_pitching\data\c3d\000581\000581_002742_75_220_004_FF_874.c3d,RFIN,467,1.1749812364578247,-0.6318268775939941,1.5823416709899902,000581,129.11061250964667,44.195858844617995
openbiomechanics\baseball_pitching\data\c3d\000581\000581_002742_75_220_008_FF_878.c3d,RFIN,433,1.1789493560791016,-0.6622176766395569,1.5300498008728027,000581,127.46626567393112,46.54039720496538
openbiomechanics\baseball_pitching\data\c3d\000581\000581_002742_75_220_009_FF_871.c3d,RFIN,420,1.1996147632598877,-0.6864163279533386,1.534044623374939,000581,129.19580577113223,46.41674347426978
openbiomechanics\baseball_pitching\data\c3d\000581\000581_002742_model.c3d,RFIN,3,-0.19014562666416168,-1.1216657161712646,1.6915278434753418,000581,153.83292988519707,50.218444093866914
openbiomechanics\baseball_pitching\data\c3d\000610\000610_001778_71_195_002_FF_833.c3d,RFIN,325,1.8643310070037842,-0.36223670840263367,1.5913182497024536,000610,136.8258507506301,28.84057622976486
openbiomechanics\baseball_pitching\data\c3d\000610\000610_001778_71_195_010_FF_834.c3d,RFIN,316,1.9164502620697021,-0.2566806972026825,1.5777870416641235,000610,135.57995785587778,27.19552856100973
openbiomechanics\baseball_pitching\data\c3d\000610\000610_001778_model.c3d,LFIN,6,0.08565086126327515,0.5649559497833252,1.5446219444274902,000610,146.53933191086625,46.01427369539367
openbiomechanics\baseball_pitching\data\c3d\000616\000616_001665_80_235_002_FF_871.c3d,LFIN,493,1.7572394609451294,0.08064256608486176,1.6482585668563843,000616,60.410349984438454,77.00595383345286
openbiomechanics\baseball_pitching\data\c3d\000616\000616_001665_80_235_003_FF_873.c3d,LFIN,533,1.7732659578323364,0.24237918853759766,1.5786198377609253,000616,62.45730314749117,77.0088419871542
openbiomechanics\baseball_pitching\data\c3d\000616\000616_001665_80_235_004_FF_873.c3d,LFIN,489,1.9770383834838867,0.050735827535390854,1.5825204849243164,000616,57.07391646315037,81.02297463372894
openbiomechanics\baseball_pitching\data\c3d\000616\000616_001665_model.c3d,LFIN,1,-0.024059344083070755,0.5637573003768921,1.7029075622558594,000616,151.81730028838717,47.16429778430708
openbiomechanics\baseball_pitching\data\c3d\000625\000625_001612_71_201_009_FF_864.c3d,RFIN,449,1.8219938278198242,-0.4342595636844635,1.5687525272369385,000625,134.40978279052976,33.875606396963924
openbiomechanics\baseball_pitching\data\c3d\000625\000625_001612_71_201_010_FF_858.c3d,RFIN,437,1.8145859241485596,-0.4655410051345825,1.5856044292449951,000625,132.69898634132224,33.27132197159058
openbiomechanics\baseball_pitching\data\c3d\000625\000625_001612_71_201_012_FF_846.c3d,RFIN,387,1.8445463180541992,-0.4527517557144165,1.5780388116836548,000625,139.97406161808894,33.45800042746397
openbiomechanics\baseball_pitching\data\c3d\000625\000625_001612_model.c3d,RFIN,2,0.04083671420812607,-1.0023725032806396,1.6130602359771729,000625,135.4450386394376,49.256516800580116
openbiomechanics\baseball_pitching\data\c3d\000628\000628_001601_73_229_001_FF_863.c3d,RFIN,691,1.8299870491027832,-0.5624438524246216,1.6662110090255737,000628,139.46802952004472,38.09067836463564
openbiomechanics\baseball_pitching\data\c3d\000628\000628_001601_73_229_002_FF_861.c3d,RFIN,644,1.8605334758758545,-0.6190085411071777,1.5876789093017578,000628,140.11366329957477,37.659647262143636
openbiomechanics\baseball_pitching\data\c3d\000628\000628_001601_73_229_004_FF_862.c3d,RFIN,510,1.9056730270385742,-0.4600241780281067,1.5936275720596313,000628,141.79869408477927,36.04135719857189
openbiomechanics\baseball_pitching\data\c3d\000628\000628_001601_model.c3d,RFIN,1,-0.042612455785274506,-1.0630850791931152,1.7481763362884521,000628,146.13835855606897,52.784855713635615
openbiomechanics\baseball_pitching\data\c3d\000653\000653_001170_76_181_001_FF_809.c3d,RFIN,421,1.9178977012634277,-0.7212249040603638,1.5600637197494507,000653,139.6378470577586,31.367749620861055
openbiomechanics\baseball_pitching\data\c3d\000653\000653_001170_76_181_002_FF_826.c3d,RFIN,379,1.9561017751693726,-0.6751248836517334,1.5584288835525513,000653,137.4236336763223,30.183255181911502
openbiomechanics\baseball_pitching\data\c3d\000653\000653_001170_model.c3d,LFIN,8,0.7547492384910583,0.4046889841556549,1.3149038553237915,000653,138.5614013428667,55.59222617806061
openbiomechanics\baseball_pitching\data\c3d\000675\000675_003065_72_182_003_FF_892.c3d,RFIN,516,1.826446771621704,-0.5774309635162354,1.4514681100845337,000675,131.63088192105238,27.429974101799942
openbiomechanics\baseball_pitching\data\c3d\000675\000675_003065_72_182_005_FF_894.c3d,RFIN,457,1.8044177293777466,-0.5824598670005798,1.4670367240905762,000675,131.75096680876177,28.755975152361692
openbiomechanics\baseball_pitching\data\c3d\000675\000675_003065_72_182_006_FF_889.c3d,RFIN,446,1.7824310064315796,-0.5880544781684875,1.4482951164245605,000675,132.00077901211822,29.982399197069835
openbiomechanics\baseball_pitching\data\c3d\000675\000675_003065_72_182_007_FF_893.c3d,RFIN,431,1.8756403923034668,-0.5743706226348877,1.4253567457199097,000675,131.4720054011165,27.42215461478447
openbiomechanics\baseball_pitching\data\c3d\000675\000675_003065_72_182_009_FF_891.c3d,RFIN,464,1.845916509628296,-0.5931994915008545,1.4651678800582886,000675,131.23287364738803,27.017342309069406
openbiomechanics\baseball_pitching\data\c3d\000675\000675_003065_model.c3d,RFIN,8,-0.14676184952259064,-1.051783561706543,1.6871503591537476,000675,139.61938019701708,44.11822899935838
openbiomechanics\baseball_pitching\data\c3d\000738\000738_001250_69_173_002_FF_881.c3d,LFIN,282,1.8300936222076416,0.05167284980416298,1.4212371110916138,000738,76.82185152567659,80.44248558170521
openbiomechanics\baseball_pitching\data\c3d\000738\000738_001250_69_173_010_FF_886.c3d,LFIN,289,1.828466534614563,0.006385881453752518,1.450932502746582,000738,78.49639050003397,78.66381988531052
openbiomechanics\baseball_pitching\data\c3d\000738\000738_001250_model.c3d,LFIN,8,0.735588788986206,0.48213809728622437,1.4203139543533325,000738,128.71631175701694,54.44951856031418
openbiomechanics\baseball_pitching\data\c3d\000750\000750_001031_76_244_013_FF_904.c3d,RFIN,483,1.9864420890808105,-0.8192736506462097,1.4878517389297485,000750,131.5321622795524,32.22338911676204
openbiomechanics\baseball_pitching\data\c3d\000750\000750_001031_76_244_014_FF_904.c3d,RFIN,298,1.877437949180603,-0.6789175868034363,1.5316389799118042,000750,131.45710581085805,33.18192971959409
openbiomechanics\baseball_pitching\data\c3d\000750\000750_001031_model.c3d,RFIN,5,0.6191129684448242,-1.143884301185608,1.4813628196716309,000750,153.63042274145135,47.31689056901272
openbiomechanics\baseball_pitching\data\c3d\000774\000774_001097_76_223_001_FF_776.c3d,RFIN,363,1.9953792095184326,-0.5437870025634766,1.6828895807266235,000774,143.72512689366133,30.892588500277547
openbiomechanics\baseball_pitching\data\c3d\000774\000774_001097_76_223_005_FF_770.c3d,RFIN,384,2.0325186252593994,-0.4831724762916565,1.629482388496399,000774,144.2017428717149,33.31425511996422
openbiomechanics\baseball_pitching\data\c3d\000774\000774_001097_76_223_006_FF_761.c3d,RFIN,373,1.9694534540176392,-0.45354530215263367,1.7077081203460693,000774,143.17632685529404,32.37641048555647
openbiomechanics\baseball_pitching\data\c3d\000774\000774_001097_model.c3d,LFIN,1,0.1651754230260849,0.4245584309101105,1.5752073526382446,000774,144.52160369559607,55.627463197716544
openbiomechanics\baseball_pitching\data\c3d\000782\000782_003250_74_184_001_FF_900.c3d,RFIN,538,2.03531551361084,-1.1055564880371094,1.3170716762542725,000782,134.82027851078283,25.035147169790037
openbiomechanics\baseball_pitching\data\c3d\000782\000782_003250_74_184_002_FF_904.c3d,RFIN,478,1.9438605308532715,-1.0863287448883057,1.380592703819275,000782,133.55752389738035,25.48033285692413
openbiomechanics\baseball_pitching\data\c3d\000782\000782_003250_74_184_004_FF_895.c3d,RFIN,539,1.9739259481430054,-1.1398942470550537,1.3583478927612305,000782,133.7274414475975,25.050939408939534
openbiomechanics\baseball_pitching\data\c3d\000782\000782_003250_74_184_006_FF_892.c3d,RFIN,494,2.0982096195220947,-1.087572693824768,1.2826125621795654,000782,134.98145015436498,25.486325513854315
openbiomechanics\baseball_pitching\data\c3d\000782\000782_003250_model.c3d,RFIN,7,0.020693207159638405,-1.1149016618728638,1.688758373260498,000782,145.2781190316838,45.080637229504575
openbiomechanics\baseball_pitching\data\c3d\000787\000787_002990_73_183_004_FF_818.c3d,LFIN,455,1.8324207067489624,-0.34839653968811035,1.480973243713379,000787,89.00094839690752,85.51772517412634
openbiomechanics\baseball_pitching\data\c3d\000787\000787_002990_73_183_009_FF_816.c3d,LFIN,419,1.8705103397369385,-0.3337583541870117,1.4566454887390137,000787,88.4256527228319,92.25313481903437
openbiomechanics\baseball_pitching\data\c3d\000787\000787_002990_73_183_010_FF_814.c3d,LFIN,419,1.8433077335357666,-0.323472797870636,1.4748148918151855,000787,95.14036876441601,81.98780746769599
openbiomechanics\baseball_pitching\data\c3d\000787\000787_002990_73_183_011_FF_814.c3d,LFIN,408,1.9455657005310059,-0.30110254883766174,1.433068871498108,000787,86.15308492848719,86.2835574578271
openbiomechanics\baseball_pitching\data\c3d\000787\000787_002990_model.c3d,RFIN,7,0.11932957172393799,-1.0765334367752075,1.5824583768844604,000787,150.8488973987222,55.738416112360575
openbiomechanics\baseball_pitching\data\c3d\000789\000789_001313_72_186_006_FF_858.c3d,RFIN,397,1.8812156915664673,-0.5760423541069031,1.5944310426712036,000789,145.05232406686164,26.244144746608672
openbiomechanics\baseball_pitching\data\c3d\000789\000789_001313_72_186_007_FF_859.c3d,RFIN,376,1.9120763540267944,-0.6625319719314575,1.5635442733764648,000789,147.15459083466186,27.074057217241066
openbiomechanics\baseball_pitching\data\c3d\000789\000789_001313_72_186_009_FF_858.c3d,RFIN,400,1.8978841304779053,-0.5688654780387878,1.5810683965682983,000789,147.5352265108788,25.73896219664129
openbiomechanics\baseball_pitching\data\c3d\000789\000789_001313_model.c3d,RFIN,0,0.6732347011566162,-1.1023540496826172,1.6526687145233154,000789,152.00423368212543,38.638407341215675
openbiomechanics\baseball_pitching\data\c3d\000822\000822_002969_75_231_001_FF_904.c3d,RFIN,675,1.6935760974884033,-0.6731459498405457,1.5363056659698486,000822,120.91777308486924,50.12199795525408
openbiomechanics\baseball_pitching\data\c3d\000822\000822_002969_75_231_005_FF_898.c3d,RFIN,584,1.9255485534667969,-0.5731121301651001,1.4867315292358398,000822,131.02100612697367,37.59472449126531
openbiomechanics\baseball_pitching\data\c3d\000822\000822_002969_75_231_006_FF_886.c3d,RFIN,554,1.919128179550171,-0.5697239637374878,1.4794597625732422,000822,131.0137109059241,37.16036833865292
openbiomechanics\baseball_pitching\data\c3d\000822\000822_002969_model.c3d,RFIN,7,-0.02914886362850666,-1.1163334846496582,1.6689461469650269,000822,149.30748509130956,55.46398883983897
openbiomechanics\baseball_pitching\data\c3d\000830\000830_001615_70_193_005_FF_854.c3d,RFIN,425,1.8268448114395142,-0.5067744255065918,1.4233888387680054,000830,127.38921361524837,27.454053154368285
openbiomechanics\baseball_pitching\data\c3d\000830\000830_001615_70_193_006_FF_844.c3d,RFIN,483,1.9008991718292236,-0.46719273924827576,1.429650068283081,000830,127.73902355673691,19.91278939947648
openbiomechanics\baseball_pitching\data\c3d\000830\000830_001615_model.c3d,RFIN,8,-0.055367611348629,-1.067365288734436,1.5562760829925537,000830,148.74301216543714,41.82436777720217
openbiomechanics\baseball_pitching\data\c3d\000870\000870_003252_74_195_002_FF_808.c3d,RFIN,691,1.9317166805267334,-0.7659493684768677,1.3362972736358643,000870,142.58077852524858,31.58802781246621
openbiomechanics\baseball_pitching\data\c3d\000870\000870_003252_74_195_003_FF_808.c3d,RFIN,604,2.002631664276123,-0.6461008191108704,1.302359938621521,000870,142.51968636410868,30.73406480011626
openbiomechanics\baseball_pitching\data\c3d\000870\000870_003252_74_195_005_FF_808.c3d,RFIN,608,1.9209201335906982,-0.7290494441986084,1.3441802263259888,000870,139.99202067686488,32.644747072928546
openbiomechanics\baseball_pitching\data\c3d\000870\000870_003252_74_195_012_FF_833.c3d,RFIN,521,1.925977110862732,-0.6795520782470703,1.3589966297149658,000870,141.74267446558787,29.68264886947136
openbiomechanics\baseball_pitching\data\c3d\000870\000870_003252_74_195_014_FF_812.c3d,RFIN,570,1.9992530345916748,-0.6472153663635254,1.3128206729888916,000870,144.3221907458109,30.28802842084169
openbiomechanics\baseball_pitching\data\c3d\000870\000870_003252_model.c3d,LFIN,9,-0.17727768421173096,0.46732017397880554,1.7411607503890991,000870,146.02125600456245,46.34283732498966
openbiomechanics\baseball_pitching\data\c3d\000874\000874_001562_73_211_003_FF_918.c3d,RFIN,497,1.5761501789093018,-0.5770189166069031,1.0883342027664185,000874,133.93067120985665,37.50634094274414
openbiomechanics\baseball_pitching\data\c3d\000874\000874_001562_73_211_008_FF_903.c3d,RFIN,530,1.588355541229248,-0.5457939505577087,1.0872410535812378,000874,134.33912277573253,37.90393682841405
openbiomechanics\baseball_pitching\data\c3d\000874\000874_001562_73_211_009_FF_906.c3d,RFIN,525,1.6299543380737305,-0.4987180829048157,1.1450897455215454,000874,134.51019214720196,39.04209425516713
openbiomechanics\baseball_pitching\data\c3d\000874\000874_001562_model.c3d,RFIN,6,0.002267354167997837,-1.0898088216781616,1.6639894247055054,000874,147.9791309662681,52.170959805451915
openbiomechanics\baseball_pitching\data\c3d\000884\000884_001603_69_201_004_FF_850.c3d,LFIN,435,1.2867871522903442,0.457821249961853,1.4581716060638428,000884,83.13366328972974,59.509458797492975
openbiomechanics\baseball_pitching\data\c3d\000884\000884_001603_69_201_005_FF_856.c3d,LFIN,428,1.3360869884490967,0.42009618878364563,1.480542778968811,000884,81.96034737223454,60.263210460764334
openbiomechanics\baseball_pitching\data\c3d\000884\000884_001603_69_201_006_FF_851.c3d,LFIN,491,1.379893183708191,0.39321690797805786,1.4982659816741943,000884,87.4727229880602,58.26680557935892
openbiomechanics\baseball_pitching\data\c3d\000884\000884_001603_model.c3d,LFIN,6,-0.08038175106048584,0.47734305262565613,1.533524513244629,000884,148.57637270163585,48.00346032780975
openbiomechanics\baseball_pitching\data\c3d\000890\000890_001783_71_199_007_FF_796.c3d,RFIN,471,1.8603811264038086,-0.39341604709625244,1.5424641370773315,000890,135.68348223495892,34.078748169169515
openbiomechanics\baseball_pitching\data\c3d\000890\000890_001783_71_199_008_FF_798.c3d,RFIN,477,1.8853144645690918,-0.40139180421829224,1.532457709312439,000890,136.89364867397455,32.48110430103735
openbiomechanics\baseball_pitching\data\c3d\000890\000890_001783_71_199_009_FF_802.c3d,RFIN,410,1.9034435749053955,-0.4286859631538391,1.5140881538391113,000890,137.5574295196967,34.24689238411618
openbiomechanics\baseball_pitching\data\c3d\000890\000890_001783_71_199_010_FF_806.c3d,RFIN,475,1.8854128122329712,-0.3702499270439148,1.540776252746582,000890,136.43740593221136,35.231628448379205
openbiomechanics\baseball_pitching\data\c3d\000890\000890_001783_model.c3d,LFIN,3,0.07936206459999084,0.41171759366989136,1.5628955364227295,000890,130.32369843632904,48.836596032528526
openbiomechanics\baseball_pitching\data\c3d\000894\000894_001346_72_159_004_FF_846.c3d,RFIN,402,1.970637559890747,-0.6253116130828857,1.463049054145813,000894,141.15422789633502,30.287979210287485
openbiomechanics\baseball_pitching\data\c3d\000894\000894_001346_72_159_012_FF_845.c3d,RFIN,415,1.890126347541809,-0.6554341912269592,1.5201152563095093,000894,141.0441934719475,29.693542015973396
openbiomechanics\baseball_pitching\data\c3d\000894\000894_001346_72_159_013_FF_848.c3d,RFIN,405,1.9013621807098389,-0.7030007839202881,1.5047122240066528,000894,140.18511099626912,28.58885279569661
openbiomechanics\baseball_pitching\data\c3d\000894\000894_001346_model.c3d,LFIN,4,0.1637030690908432,0.44266268610954285,1.6368000507354736,000894,136.93065735756474,50.96209665112416
openbiomechanics\baseball_pitching\data\c3d\000905\000905_001370_75_230_001_FF_878.c3d,RFIN,350,2.0168416500091553,-0.6621219515800476,1.5461279153823853,000905,129.46704601962546,31.123213496554385
openbiomechanics\baseball_pitching\data\c3d\000905\000905_001370_75_230_004_FF_869.c3d,RFIN,342,2.0950725078582764,-0.6292884349822998,1.4866688251495361,000905,129.05022270836972,30.022585468005175
openbiomechanics\baseball_pitching\data\c3d\000905\000905_001370_75_230_006_FF_869.c3d,RFIN,484,1.9631260633468628,-0.6612783670425415,1.551594853401184,000905,128.30800588334537,32.27559702119129
openbiomechanics\baseball_pitching\data\c3d\000905\000905_001370_model.c3d,RFIN,0,-0.20537979900836945,-1.068009614944458,1.6467742919921875,000905,137.1295030765722,43.43214462078974
openbiomechanics\baseball_pitching\data\c3d\000906\000906_001371_71_219_003_FF_874.c3d,LFIN,269,1.8739700317382812,-0.024811754003167152,1.396744728088379,000906,49.35827431156446,89.84642922608538
openbiomechanics\baseball_pitching\data\c3d\000906\000906_001371_71_219_011_FF_878.c3d,LFIN,272,1.9124557971954346,-0.01786137744784355,1.4041650295257568,000906,51.063213206802985,89.88941122893841
openbiomechanics\baseball_pitching\data\c3d\000906\000906_001371_model.c3d,LFIN,3,0.009561622515320778,0.44540733098983765,1.5839534997940063,000906,127.33341252655927,50.20250241859733
openbiomechanics\baseball_pitching\data\c3d\000917\000917_002919_75_187_001_FF_825.c3d,RFIN,635,2.014955759048462,-0.8867442607879639,1.3869632482528687,000917,132.0762304554998,35.82540845404393
openbiomechanics\baseball_pitching\data\c3d\000917\000917_002919_75_187_002_FF_826.c3d,RFIN,622,2.0165255069732666,-0.9351304769515991,1.4037221670150757,000917,134.62190385965664,35.17977703232155
openbiomechanics\baseball_pitching\data\c3d\000917\000917_002919_75_187_004_FF_840.c3d,RFIN,752,1.6635184288024902,-1.0094282627105713,1.4934419393539429,000917,125.02809694377328,45.9049319720936
openbiomechanics\baseball_pitching\data\c3d\000917\000917_002919_75_187_005_FF_826.c3d,RFIN,642,2.018639326095581,-0.9804396629333496,1.4084621667861938,000917,134.2479627288918,34.75658411222715
openbiomechanics\baseball_pitching\data\c3d\000917\000917_002919_75_187_008_FF_826.c3d,RFIN,608,1.9735209941864014,-0.919497549533844,1.4263676404953003,000917,135.75455468935462,33.90845414352737
openbiomechanics\baseball_pitching\data\c3d\000917\000917_002919_model.c3d,LFIN,8,-0.07947318255901337,0.5090929865837097,1.6793919801712036,000917,148.78157006431195,52.63070304102364
openbiomechanics\baseball_pitching\data\c3d\000919\000919_001393_66_196_001_FF_713.c3d,LFIN,351,1.4869765043258667,-0.4249770939350128,1.6305118799209595,000919,67.8361375310151,76.21288433865267
openbiomechanics\baseball_pitching\data\c3d\000919\000919_001393_66_196_002_FF_699.c3d,LFIN,379,1.568577766418457,-0.4450170695781708,1.616221308708191,000919,68.62859974438891,75.2845209714777
openbiomechanics\baseball_pitching\data\c3d\000919\000919_001393_66_196_003_FF_695.c3d,LFIN,373,1.554404377937317,-0.29615041613578796,1.6109082698822021,000919,63.9557723950038,72.9499007421797
openbiomechanics\baseball_pitching\data\c3d\000919\000919_001393_model.c3d,RFIN,5,0.44894418120384216,-1.0415129661560059,1.2258089780807495,000919,134.3709831534764,64.48137069744621
openbiomechanics\baseball_pitching\data\c3d\000920\000920_001394_75_208_001_FF_863.c3d,RFIN,358,1.866228699684143,-0.5569837093353271,1.6048256158828735,000920,131.2778508574703,24.759171236115545
openbiomechanics\baseball_pitching\data\c3d\000920\000920_001394_75_208_006_FF_867.c3d,RFIN,358,1.8959872722625732,-0.5158690810203552,1.58163583278656,000920,130.47036023608092,25.469614008476807
openbiomechanics\baseball_pitching\data\c3d\000920\000920_001394_75_208_008_FF_868.c3d,RFIN,360,1.955939769744873,-0.5207109451293945,1.5484106540679932,000920,124.24488551263738,24.344056698610242
openbiomechanics\baseball_pitching\data\c3d\000920\000920_001394_model.c3d,LFIN,3,0.8030068278312683,0.5531496405601501,1.5768381357192993,000920,144.88352353419558,43.515383380189235
openbiomechanics\baseball_pitching\data\c3d\000922\000922_001717_76_228_002_FF_720.c3d,LFIN,448,1.6693938970565796,0.12782742083072662,1.7568819522857666,000922,51.598460567208264,68.53037799289876
openbiomechanics\baseball_pitching\data\c3d\000922\000922_001717_76_228_009_FF_714.c3d,LFIN,466,1.7597590684890747,0.13922080397605896,1.7439607381820679,000922,52.9835861017268,81.32251188624355
openbiomechanics\baseball_pitching\data\c3d\000922\000922_001717_model.c3d,RFIN,2,0.025993702933192253,-1.1336126327514648,1.6568689346313477,000922,144.70081081134606,52.319995529320344
openbiomechanics\baseball_pitching\data\c3d\000927\000927_001403_70_155_006_FF_787.c3d,RFIN,322,1.7141916751861572,-0.6629100441932678,1.4354711771011353,000927,129.56084467014568,37.67029209997611
openbiomechanics\baseball_pitching\data\c3d\000927\000927_001403_70_155_009_FF_786.c3d,RFIN,376,1.6785753965377808,-0.650227963924408,1.4289156198501587,000927,128.61137667759516,37.54728705425273
openbiomechanics\baseball_pitching\data\c3d\000927\000927_001403_70_155_011_FF_779.c3d,RFIN,300,1.703171968460083,-0.6479346752166748,1.4447335004806519,000927,128.37861264262486,36.42360695729509
openbiomechanics\baseball_pitching\data\c3d\000927\000927_001403_model.c3d,RFIN,7,0.1383189857006073,-1.0152508020401,1.4962934255599976,000927,142.67283171233922,50.52144293735731
openbiomechanics\baseball_pitching\data\c3d\000949\000949_001561_76_261_003_FF_860.c3d,RFIN,590,1.9298162460327148,-0.5599953532218933,1.481490135192871,000949,130.63975830150792,42.45606979154237
openbiomechanics\baseball_pitching\data\c3d\000949\000949_001561_76_261_004_FF_846.c3d,RFIN,546,1.9425305128097534,-0.5717136263847351,1.5005948543548584,000949,130.71401143069136,43.59747987758984
openbiomechanics\baseball_pitching\data\c3d\000949\000949_001561_76_261_005_FF_860.c3d,RFIN,641,1.9243547916412354,-0.5825924277305603,1.513063669204712,000949,129.13334078968384,45.070898272045554
openbiomechanics\baseball_pitching\data\c3d\000949\000949_001561_model.c3d,LFIN,9,0.006331578828394413,0.5118412375450134,1.6837263107299805,000949,140.0685552440783,49.34451769450712
openbiomechanics\baseball_pitching\data\c3d\000952\000952_001574_76_192_006_FF_898.c3d,RFIN,479,1.476778268814087,-1.0958576202392578,1.4958614110946655,000952,132.9774816526941,46.03156773351037
openbiomechanics\baseball_pitching\data\c3d\000952\000952_001574_76_192_007_FF_886.c3d,RFIN,493,1.4634793996810913,-1.1264758110046387,1.5107653141021729,000952,135.75542418122754,44.26941713504862
openbiomechanics\baseball_pitching\data\c3d\000952\000952_001574_76_192_008_FF_895.c3d,RFIN,459,1.4489402770996094,-1.126983642578125,1.5060747861862183,000952,131.0064752056842,47.17720483340679
openbiomechanics\baseball_pitching\data\c3d\000952\000952_001574_model.c3d,LFIN,9,0.11797221004962921,0.5407653450965881,1.671066164970398,000952,142.38528730240958,47.667279306529636
openbiomechanics\baseball_pitching\data\c3d\000956\000956_001581_67_209_001_FF_823.c3d,RFIN,564,1.6802016496658325,-0.5871595144271851,1.5193912982940674,000956,129.02967123313474,39.67962795701462
openbiomechanics\baseball_pitching\data\c3d\000956\000956_001581_67_209_002_FF_823.c3d,RFIN,582,1.6442261934280396,-0.6510132551193237,1.5088990926742554,000956,128.15468346645693,41.52773603706851
openbiomechanics\baseball_pitching\data\c3d\000956\000956_001581_67_209_006_FF_830.c3d,RFIN,549,1.6822617053985596,-0.6152778267860413,1.509599208831787,000956,128.05180932835185,40.86235325377525
openbiomechanics\baseball_pitching\data\c3d\000956\000956_001581_model.c3d,LFIN,5,0.07581077516078949,0.3761029839515686,1.4481635093688965,000956,130.06070142251363,55.36128189107715
openbiomechanics\baseball_pitching\data\c3d\000964\000964_003037_74_208_003_FF_895.c3d,RFIN,625,1.8306971788406372,-0.7664876580238342,1.409313678741455,000964,132.1665258860399,41.78176397390072
openbiomechanics\baseball_pitching\data\c3d\000964\000964_003037_74_208_004_FF_887.c3d,RFIN,935,1.908045768737793,-0.7418708205223083,1.3855407238006592,000964,134.36906290975728,43.17588363734115
openbiomechanics\baseball_pitching\data\c3d\000964\000964_003037_74_208_006_FF_889.c3d,RFIN,547,1.8034298419952393,-0.7965874075889587,1.4332263469696045,000964,132.7157723687722,41.02524568522098
openbiomechanics\baseball_pitching\data\c3d\000964\000964_003037_74_208_008_FF_888.c3d,RFIN,646,1.4960287809371948,-0.9574482440948486,1.422865390777588,000964,131.44770769666826,50.055886384716686
openbiomechanics\baseball_pitching\data\c3d\000964\000964_003037_74_208_009_FF_886.c3d,RFIN,655,1.8951787948608398,-0.6457440853118896,1.4296469688415527,000964,130.68354570465326,40.91917605389883
openbiomechanics\baseball_pitching\data\c3d\000964\000964_003037_model.c3d,RFIN,3,-0.011774534359574318,-1.136989951133728,1.6097441911697388,000964,145.5600195398025,51.9877666885396
openbiomechanics\baseball_pitching\data\c3d\000967\000967_001620_73_203_002_FF_850.c3d,LFIN,533,2.065351724624634,0.295917809009552,1.3079988956451416,000967,69.67954246075259,67.92602274414747
openbiomechanics\baseball_pitching\data\c3d\000967\000967_001620_73_203_010_FF_846.c3d,LFIN,524,2.0465004444122314,0.27631738781929016,1.2601655721664429,000967,73.28865623706174,70.66834856799832
openbiomechanics\baseball_pitching\data\c3d\000967\000967_001620_model.c3d,LFIN,5,-0.22548514604568481,0.5114433169364929,1.6434361934661865,000967,150.29510476326385,34.518625700644456
openbiomechanics\baseball_pitching\data\c3d\000970\000970_001623_69_180_006_FF_858.c3d,RFIN,595,1.7314136028289795,-0.6419827938079834,1.4442548751831055,000970,137.06647774849273,31.529444408418772
openbiomechanics\baseball_pitching\data\c3d\000970\000970_001623_69_180_007_FF_857.c3d,RFIN,709,1.8066753149032593,-0.57273268699646,1.4295539855957031,000970,137.2171807241628,31.25239747129405
openbiomechanics\baseball_pitching\data\c3d\000970\000970_001623_69_180_008_FF_853.c3d,RFIN,665,1.832310438156128,-0.586000382900238,1.3906097412109375,000970,139.32749187200966,31.743706555888686
openbiomechanics\baseball_pitching\data\c3d\000970\000970_001623_model.c3d,RFIN,5,-0.06291669607162476,-0.9816662073135376,1.6146135330200195,000970,160.06992968092695,52.09191514729707
openbiomechanics\baseball_pitching\data\c3d\000976\000976_002730_74_198_001_FF_818.c3d,RFIN,421,1.9432319402694702,-0.42967721819877625,1.4936426877975464,000976,142.49473803782283,33.961029484331114
openbiomechanics\baseball_pitching\data\c3d\000976\000976_002730_74_198_002_FF_826.c3d,RFIN,458,1.965506911277771,-0.543064534664154,1.453371524810791,000976,143.36023979331438,35.54106355190657
openbiomechanics\baseball_pitching\data\c3d\000976\000976_002730_74_198_003_FF_828.c3d,RFIN,450,1.9181833267211914,-0.42591598629951477,1.5011036396026611,000976,144.05542715432034,35.22721597154068
openbiomechanics\baseball_pitching\data\c3d\000976\000976_002730_74_198_006_FF_816.c3d,RFIN,438,1.9116517305374146,-0.43537837266921997,1.4919884204864502,000976,143.30137637507553,33.30329513704164
openbiomechanics\baseball_pitching\data\c3d\000976\000976_002730_model.c3d,LFIN,8,0.080222949385643,0.5259994864463806,1.635214924812317,000976,149.91902685377752,46.26148774196943
openbiomechanics\baseball_pitching\data\c3d\000986\000986_001668_73_180_001_FF_879.c3d,RFIN,442,1.610277771949768,-0.8621649146080017,1.5633621215820312,000986,132.17582932283625,37.85449997549752
openbiomechanics\baseball_pitching\data\c3d\000986\000986_001668_73_180_002_FF_876.c3d,RFIN,519,1.5918620824813843,-0.8383567333221436,1.4852807521820068,000986,123.14926717146969,41.561523577333766
openbiomechanics\baseball_pitching\data\c3d\000986\000986_001668_73_180_004_FF_878.c3d,RFIN,440,1.9393746852874756,-0.7887897491455078,1.4034098386764526,000986,138.16352409198214,27.963233450760292
openbiomechanics\baseball_pitching\data\c3d\000986\000986_001668_model.c3d,RFIN,2,-0.04925340786576271,-1.1145710945129395,1.539525032043457,000986,134.67679108660013,46.17724787709977
openbiomechanics\baseball_pitching\data\c3d\001000\001000_001718_75_215_004_FF_912.c3d,LFIN,546,1.5009921789169312,0.07206998765468597,1.6360809803009033,001000,73.16010323565277,65.84934418922116
openbiomechanics\baseball_pitching\data\c3d\001000\001000_001718_75_215_006_FF_908.c3d,LFIN,577,1.5179290771484375,0.04414641857147217,1.6312007904052734,001000,69.05235859291713,66.00625348008255
openbiomechanics\baseball_pitching\data\c3d\001000\001000_001718_75_215_007_FF_908.c3d,LFIN,533,1.4579057693481445,0.03164102882146835,1.6176016330718994,001000,71.1332357910424,66.71701188119948
openbiomechanics\baseball_pitching\data\c3d\001000\001000_001718_model.c3d,RFIN,7,-0.026716522872447968,-1.1910327672958374,1.5578382015228271,001000,136.72605842024038,45.51683963209628
openbiomechanics\baseball_pitching\data\c3d\001002\001002_003132_72_216_001_FF_924.c3d,LFIN,523,1.9426649808883667,-0.024767983704805374,1.4031583070755005,001002,84.976631884704,78.73569280255806
openbiomechanics\baseball_pitching\data\c3d\001002\001002_003132_72_216_002_FF_922.c3d,LFIN,734,2.010774612426758,-0.08381389081478119,1.401597023010254,001002,85.64343461683094,80.18932948298168
openbiomechanics\baseball_pitching\data\c3d\001002\001002_003132_72_216_003_FF_921.c3d,LFIN,536,1.971968173980713,0.024868959560990334,1.4059566259384155,001002,84.36744021265805,80.30771202946522
openbiomechanics\baseball_pitching\data\c3d\001002\001002_003132_72_216_005_FF_918.c3d,LFIN,552,2.027275800704956,-0.030215172097086906,1.374678611755371,001002,79.04985340874106,82.3742264454682
openbiomechanics\baseball_pitching\data\c3d\001002\001002_003132_72_216_009_FF_919.c3d,LFIN,493,2.0530362129211426,-0.020435281097888947,1.3841835260391235,001002,78.99671101966837,80.15202185795184
openbiomechanics\baseball_pitching\data\c3d\001002\001002_003132_model.c3d,RFIN,1,-0.051222048699855804,-1.1323524713516235,1.6065006256103516,001002,147.7458548216877,52.733830238425654
openbiomechanics\baseball_pitching\data\c3d\001003\001003_001729_79_233_002_FF_906.c3d,RFIN,762,1.8891527652740479,-0.5047688484191895,1.784724235534668,001003,128.7889413975694,35.187602274083375
openbiomechanics\baseball_pitching\data\c3d\001003\001003_001729_79_233_004_FF_905.c3d,RFIN,709,1.9434177875518799,-0.4365409016609192,1.763662338256836,001003,128.99004235307055,36.1744369593144
openbiomechanics\baseball_pitching\data\c3d\001003\001003_001729_79_233_006_FF_904.c3d,RFIN,755,1.8805485963821411,-0.4443187713623047,1.788855791091919,001003,130.0638937892914,36.73559490182604
openbiomechanics\baseball_pitching\data\c3d\001003\001003_001729_model.c3d,RFIN,3,-0.029230844229459763,-1.1140282154083252,1.8225153684616089,001003,143.24045160821214,48.556378939448
openbiomechanics\baseball_pitching\data\c3d\001005\001005_002655_71_208_001_FF_848.c3d,LFIN,434,1.7068099975585938,0.07108773291110992,1.4510223865509033,001005,69.03144622967741,65.61660211481507
openbiomechanics\baseball_pitching\data\c3d\001005\001005_002655_71_208_003_FF_858.c3d,LFIN,408,1.7027289867401123,-0.06387688964605331,1.5064374208450317,001005,67.66449507634084,66.41722994168158
openbiomechanics\baseball_pitching\data\c3d\001005\001005_002655_71_208_004_FF_851.c3d,LFIN,480,1.7713205814361572,0.029015079140663147,1.4781434535980225,001005,64.55769406186799,68.09071483740333
openbiomechanics\baseball_pitching\data\c3d\001005\001005_002655_71_208_006_FF_848.c3d,LFIN,430,1.7513911724090576,-0.03304757550358772,1.4786434173583984,001005,67.52484802247656,68.724994645821
openbiomechanics\baseball_pitching\data\c3d\001005\001005_002655_71_208_007_FF_849.c3d,LFIN,430,1.7096647024154663,-0.0014940970577299595,1.4994781017303467,001005,64.61470983295828,67.66604690460547
openbiomechanics\baseball_pitching\data\c3d\001005\001005_002655_model.c3d,RFIN,5,0.1178145706653595,-1.0943483114242554,1.5565990209579468,001005,142.80932586210946,38.36264773367686
openbiomechanics\baseball_pitching\data\c3d\001027\001027_001782_72_215_002_FF_738.c3d,LFIN,579,1.628695011138916,-0.07177617400884628,1.538138508796692,001027,93.28575849336806,95.52898512445405
openbiomechanics\baseball_pitching\data\c3d\001027\001027_001782_72_215_009_FF_740.c3d,LFIN,642,1.6885319948196411,-0.005068347789347172,1.4875152111053467,001027,96.02125556143714,93.4171835149279
openbiomechanics\baseball_pitching\data\c3d\001027\001027_001782_72_215_010_FF_743.c3d,LFIN,555,1.7048574686050415,-0.07066748291254044,1.5230987071990967,001027,94.50320082347024,93.66672439064716
openbiomechanics\baseball_pitching\data\c3d\001027\001027_001782_72_215_011_FF_752.c3d,LFIN,566,1.5154709815979004,0.0038041393272578716,1.5491400957107544,001027,93.96048594719538,93.52421368420906
openbiomechanics\baseball_pitching\data\c3d\001027\001027_001782_model.c3d,RFIN,8,-0.07015855610370636,-1.0766496658325195,1.6910922527313232,001027,153.77819590426603,46.93593001083505
openbiomechanics\baseball_pitching\data\c3d\001029\001029_002907_73_182_002_FF_788.c3d,RFIN,414,1.738196849822998,-0.7939149737358093,1.4740723371505737,001029,132.49048093751628,46.0590988403668
openbiomechanics\baseball_pitching\data\c3d\001029\001029_002907_73_182_004_FF_791.c3d,RFIN,414,1.674480676651001,-0.8281996846199036,1.4851398468017578,001029,132.783061642941,46.2546641420681
openbiomechanics\baseball_pitching\data\c3d\001029\001029_002907_73_182_006_FF_796.c3d,RFIN,423,1.6811615228652954,-0.8459268808364868,1.4914307594299316,001029,133.74053188109946,47.21285858581662
openbiomechanics\baseball_pitching\data\c3d\001029\001029_002907_73_182_008_FF_788.c3d,RFIN,455,1.691619873046875,-0.7773561477661133,1.4762414693832397,001029,132.98259114841522,45.34355180394517
openbiomechanics\baseball_pitching\data\c3d\001029\001029_002907_73_182_009_FF_794.c3d,RFIN,419,1.6431480646133423,-0.8573489189147949,1.5070728063583374,001029,133.2140785408239,48.17576964161123
openbiomechanics\baseball_pitching\data\c3d\001029\001029_002907_model.c3d,LFIN,1,-0.1296704113483429,0.4439782202243805,1.6972647905349731,001029,139.82059254616024,53.31411622574922
openbiomechanics\baseball_pitching\data\c3d\001062\001062_001830_66_186_002_FF_835.c3d,RFIN,601,1.6399261951446533,-0.6759302616119385,1.290509581565857,001062,131.67226133443447,36.700183951201595
openbiomechanics\baseball_pitching\data\c3d\001062\001062_001830_66_186_003_FF_834.c3d,RFIN,557,1.6432033777236938,-0.6521345973014832,1.3234089612960815,001062,131.56609168179233,36.25205267530526
openbiomechanics\baseball_pitching\data\c3d\001062\001062_001830_66_186_004_FF_834.c3d,RFIN,527,1.6922625303268433,-0.5949649214744568,1.282584547996521,001062,129.78879994685286,33.22317365578859
openbiomechanics\baseball_pitching\data\c3d\001062\001062_001830_66_186_007_FF_837.c3d,RFIN,536,1.604851484298706,-0.6205852627754211,1.3476847410202026,001062,132.17609559687477,35.62360944629646
openbiomechanics\baseball_pitching\data\c3d\001062\001062_001830_66_186_008_FF_835.c3d,RFIN,522,1.6394286155700684,-0.5831663012504578,1.326181173324585,001062,130.95730135633568,34.79460589102022
openbiomechanics\baseball_pitching\data\c3d\001062\001062_001830_model.c3d,LFIN,6,-0.029902691021561623,0.4667891263961792,1.4675676822662354,001062,148.78824678402117,41.42518404880318
openbiomechanics\baseball_pitching\data\c3d\001068\001068_001845_75_204_002_FF_875.c3d,RFIN,330,1.9406319856643677,-0.7213036417961121,1.5096442699432373,001068,122.4454714665279,40.21728513789664
openbiomechanics\baseball_pitching\data\c3d\001068\001068_001845_75_204_006_FF_870.c3d,RFIN,359,1.8752169609069824,-0.7072908878326416,1.5672661066055298,001068,120.74447148159622,39.63293495475733
openbiomechanics\baseball_pitching\data\c3d\001068\001068_001845_75_204_009_FF_875.c3d,RFIN,390,1.9643770456314087,-0.6163479089736938,1.5252805948257446,001068,124.91540470906551,37.268491252194494
openbiomechanics\baseball_pitching\data\c3d\001068\001068_001845_model.c3d,LFIN,0,0.0188247449696064,0.5109466314315796,1.538659691810608,001068,142.47475593434402,53.00730737393806
openbiomechanics\baseball_pitching\data\c3d\001466\001466_002653_75_170_001_FF_909.c3d,RFIN,527,1.8233394622802734,-0.6913822889328003,1.6073899269104004,001466,139.66574604203942,31.888488817376913
openbiomechanics\baseball_pitching\data\c3d\001466\001466_002653_75_170_002_FF_894.c3d,RFIN,474,1.8039464950561523,-0.6410579681396484,1.592750072479248,001466,141.29424091904602,33.42085474409105
openbiomechanics\baseball_pitching\data\c3d\001466\001466_002653_75_170_003_FF_891.c3d,RFIN,451,1.8572449684143066,-0.6265723705291748,1.5860137939453125,001466,141.9118700538584,33.23594061513982
openbiomechanics\baseball_pitching\data\c3d\001466\001466_002653_75_170_004_FF_878.c3d,RFIN,474,1.8985352516174316,-0.6717100143432617,1.526708722114563,001466,141.3263416348191,33.4091300503773
openbiomechanics\baseball_pitching\data\c3d\001466\001466_002653_75_170_006_FF_877.c3d,RFIN,455,1.900477647781372,-0.7170231342315674,1.5668139457702637,001466,141.7436882828407,32.94502940428953
openbiomechanics\baseball_pitching\data\c3d\001466\001466_002653_model.c3d,RFIN,6,-0.07744120061397552,-1.0963484048843384,1.7390928268432617,001466,142.89169108897264,50.9527179223967
openbiomechanics\baseball_pitching\data\c3d\001539\001539_003035_69_204_002_FF_869.c3d,RFIN,543,2.101651668548584,-0.5788289904594421,1.386155128479004,001539,138.58053024038256,29.86531116695021
openbiomechanics\baseball_pitching\data\c3d\001539\001539_003035_69_204_003_FF_861.c3d,RFIN,563,2.048797369003296,-0.5266304016113281,1.3973826169967651,001539,137.10277262108315,28.917099250716
openbiomechanics\baseball_pitching\data\c3d\001539\001539_003035_69_204_004_FF_852.c3d,RFIN,517,2.0415544509887695,-0.5607576966285706,1.422473430633545,001539,133.6593758584592,25.151171446126344
openbiomechanics\baseball_pitching\data\c3d\001539\001539_003035_69_204_005_FF_867.c3d,RFIN,549,2.0665032863616943,-0.5462266802787781,1.3945244550704956,001539,136.4472498377606,29.988513846936932
openbiomechanics\baseball_pitching\data\c3d\001539\001539_003035_69_204_007_FF_853.c3d,RFIN,558,2.086463451385498,-0.5417960286140442,1.3846222162246704,001539,134.0678743386332,28.12417897416116
openbiomechanics\baseball_pitching\data\c3d\001539\001539_003035_model.c3d,RFIN,5,0.06124860420823097,-1.024241328239441,1.5315340757369995,001539,147.54991496459903,56.99566684075003
openbiomechanics\baseball_pitching\data\c3d\001540\001540_002989_71_185_001_FF_805.c3d,LFIN,463,1.748376488685608,-0.13706250488758087,1.4453535079956055,001540,90.7504266961517,88.5325862822205
openbiomechanics\baseball_pitching\data\c3d\001540\001540_002989_71_185_009_FF_809.c3d,LFIN,455,1.8424351215362549,-0.12705300748348236,1.4127639532089233,001540,93.48805195901396,88.07149209177719
openbiomechanics\baseball_pitching\data\c3d\001540\001540_002989_71_185_010_FF_808.c3d,LFIN,444,1.871534824371338,-0.24482709169387817,1.415881633758545,001540,89.44246821016785,88.67436917982455
openbiomechanics\baseball_pitching\data\c3d\001540\001540_002989_71_185_012_FF_814.c3d,LFIN,464,1.833078384399414,-0.13186326622962952,1.4386022090911865,001540,89.28536388635676,89.36763157497322
openbiomechanics\baseball_pitching\data\c3d\001540\001540_002989_71_185_013_FF_812.c3d,LFIN,422,1.8016843795776367,-0.11367648839950562,1.4548860788345337,001540,95.72469290111788,87.32224965963455
openbiomechanics\baseball_pitching\data\c3d\001540\001540_002989_model.c3d,RFIN,4,-0.10159680992364883,-1.1065962314605713,1.5596134662628174,001540,152.41828978297073,49.08710353834131
openbiomechanics\baseball_pitching\data\c3d\001543\001543_003053_73_207_002_FF_814.c3d,LFIN,493,1.8662526607513428,0.45856207609176636,1.3818507194519043,001543,78.24175226257988,89.62843363522535
openbiomechanics\baseball_pitching\data\c3d\001543\001543_003053_73_207_003_FF_814.c3d,LFIN,448,1.8337912559509277,0.44941920042037964,1.4116041660308838,001543,79.68300134665117,89.55878395444599
openbiomechanics\baseball_pitching\data\c3d\001543\001543_003053_73_207_004_FF_816.c3d,LFIN,441,1.8073481321334839,0.45662328600883484,1.3952456712722778,001543,69.93139055395284,93.81813594414032
openbiomechanics\baseball_pitching\data\c3d\001543\001543_003053_73_207_005_FF_813.c3d,LFIN,478,1.8440093994140625,0.5004963874816895,1.3595454692840576,001543,89.37985341057531,92.2588962351776
openbiomechanics\baseball_pitching\data\c3d\001543\001543_003053_73_207_006_FF_809.c3d,LFIN,525,1.9629325866699219,0.4637606143951416,1.314007043838501,001543,86.82384498284569,92.79587320901626
openbiomechanics\baseball_pitching\data\c3d\001543\001543_003053_model.c3d,LFIN,4,-0.07144874334335327,0.47043442726135254,1.6112778186798096,001543,142.58910310467044,52.95740035915978
openbiomechanics\baseball_pitching\data\c3d\001547\001547_002889_73_245_001_FF_795.c3d,RFIN,644,1.3124525547027588,-1.0160233974456787,1.3840861320495605,001547,130.2933340463941,35.555586293817846
openbiomechanics\baseball_pitching\data\c3d\001547\001547_002889_73_245_002_FF_798.c3d,RFIN,580,1.2611942291259766,-1.0217628479003906,1.425326943397522,001547,128.05146939297248,35.782926959565486
openbiomechanics\baseball_pitching\data\c3d\001547\001547_002889_73_245_004_FF_784.c3d,RFIN,567,1.3885213136672974,-0.9307314157485962,1.4161638021469116,001547,137.86273172266158,34.76256615828292
openbiomechanics\baseball_pitching\data\c3d\001547\001547_002889_73_245_005_FF_786.c3d,RFIN,592,1.2969669103622437,-1.0662860870361328,1.3370388746261597,001547,132.38081419119683,33.995723922701536
openbiomechanics\baseball_pitching\data\c3d\001547\001547_002889_73_245_008_FF_794.c3d,RFIN,571,1.3143813610076904,-0.9973649978637695,1.3988797664642334,001547,127.09028111013502,36.31610619853979
openbiomechanics\baseball_pitching\data\c3d\001547\001547_002889_model.c3d,RFIN,1,0.03479578718543053,-1.0878283977508545,1.5853526592254639,001547,137.13415443315492,42.733074018509676
openbiomechanics\baseball_pitching\data\c3d\001552\001552_002753_73_186_001_FF_794.c3d,LFIN,613,1.7916648387908936,0.07486464828252792,1.6497300863265991,001552,58.06677677349993,80.85219787919988
openbiomechanics\baseball_pitching\data\c3d\001552\001552_002753_73_186_003_FF_799.c3d,LFIN,528,1.867598295211792,0.10701780021190643,1.6024645566940308,001552,58.755758979385,84.97409142949888
openbiomechanics\baseball_pitching\data\c3d\001552\001552_002753_73_186_009_FF_788.c3d,LFIN,631,1.8768258094787598,-0.01828993298113346,1.5846185684204102,001552,59.22780423361173,84.2556798641858
openbiomechanics\baseball_pitching\data\c3d\001552\001552_002753_73_186_011_FF_800.c3d,LFIN,574,1.829967975616455,0.04016844183206558,1.6110808849334717,001552,60.5011441118955,81.98579128286083
openbiomechanics\baseball_pitching\data\c3d\001552\001552_002753_73_186_012_FF_798.c3d,LFIN,555,1.8548495769500732,0.042765505611896515,1.6287195682525635,001552,59.5849938865706,83.32196549558664
openbiomechanics\baseball_pitching\data\c3d\001552\001552_002753_model.c3d,RFIN,2,0.03211139887571335,-1.1774020195007324,1.6111587285995483,001552,138.92212441720073,52.669087322056825
openbiomechanics\baseball_pitching\data\c3d\001557\001557_002760_73_182_002_FF_842.c3d,RFIN,496,1.811862826347351,-0.6105329990386963,1.427126407623291,001557,134.476214073758,33.996389143346235
openbiomechanics\baseball_pitching\data\c3d\001557\001557_002760_73_182_003_FF_844.c3d,RFIN,402,1.858007550239563,-0.6704989075660706,1.3921867609024048,001557,135.949038179744,34.96329379843613
openbiomechanics\baseball_pitching\data\c3d\001557\001557_002760_73_182_004_FF_835.c3d,RFIN,469,1.8452906608581543,-0.618215024471283,1.4038825035095215,001557,136.42679210434943,34.354796627469995
openbiomechanics\baseball_pitching\data\c3d\001557\001557_002760_73_182_005_FF_838.c3d,RFIN,432,1.875051498413086,-0.627048134803772,1.395890712738037,001557,134.2135417241479,34.22921279686951
openbiomechanics\baseball_pitching\data\c3d\001557\001557_002760_73_182_010_FF_843.c3d,RFIN,433,1.8929557800292969,-0.6093776226043701,1.4043116569519043,001557,133.3080581385834,33.21421128246441
openbiomechanics\baseball_pitching\data\c3d\001557\001557_002760_model.c3d,LFIN,7,0.1163129210472107,0.6097705960273743,1.5848171710968018,001557,140.20984169862908,48.965834086100934
openbiomechanics\baseball_pitching\data\c3d\001558\001558_002761_73_196_002_FF_792.c3d,RFIN,510,1.495118498802185,-0.6441590785980225,1.6104487180709839,001558,139.89149456224817,34.46395288108318
openbiomechanics\baseball_pitching\data\c3d\001558\001558_002761_73_196_009_FF_797.c3d,RFIN,534,1.4616848230361938,-0.5846286416053772,1.5830538272857666,001558,141.6074149777036,34.75667051209164
openbiomechanics\baseball_pitching\data\c3d\001558\001558_002761_73_196_010_FF_797.c3d,RFIN,596,1.450363278388977,-0.6667345762252808,1.5921344757080078,001558,142.54675598640125,34.55758185927264
openbiomechanics\baseball_pitching\data\c3d\001558\001558_002761_73_196_011_FF_794.c3d,RFIN,545,1.530396580696106,-0.610358715057373,1.6054964065551758,001558,141.1129050288107,34.30586257616992
openbiomechanics\baseball_pitching\data\c3d\001558\001558_002761_model.c3d,LFIN,6,0.1928369551897049,0.5001996159553528,1.553810477256775,001558,132.43897169931972,49.28468628777223
openbiomechanics\baseball_pitching\data\c3d\001562\001562_002840_76_187_006_FF_821.c3d,LFIN,517,1.5148735046386719,0.5945283770561218,1.4235001802444458,001562,82.98228216612351,79.57130388991212
openbiomechanics\baseball_pitching\data\c3d\001562\001562_002840_76_187_010_FF_823.c3d,LFIN,554,1.5094542503356934,0.5451499819755554,1.3803074359893799,001562,84.31332132253578,80.33063084282463
openbiomechanics\baseball_pitching\data\c3d\001562\001562_002840_76_187_012_FF_819.c3d,LFIN,584,1.586730718612671,0.5183377861976624,1.4501941204071045,001562,82.05297450327919,81.24727887409247
openbiomechanics\baseball_pitching\data\c3d\001562\001562_002840_76_187_014_FF_815.c3d,LFIN,572,1.5475720167160034,0.5933361053466797,1.4052842855453491,001562,80.47712064209576,79.56120760665658
openbiomechanics\baseball_pitching\data\c3d\001562\001562_002840_model.c3d,RFIN,9,0.008399156853556633,-1.0939770936965942,1.6750158071517944,001562,135.9840329656438,54.53777529566119
openbiomechanics\baseball_pitching\data\c3d\001584\001584_002806_70_181_001_FF_798.c3d,LFIN,393,1.585070252418518,-0.004597906954586506,1.382523775100708,001584,98.255400501716,96.94169063368291
openbiomechanics\baseball_pitching\data\c3d\001584\001584_002806_70_181_002_FF_791.c3d,LFIN,399,1.588337779045105,-0.0478273443877697,1.3878488540649414,001584,97.0694852024301,99.12210155032356
openbiomechanics\baseball_pitching\data\c3d\001584\001584_002806_70_181_004_FF_794.c3d,LFIN,392,1.5967333316802979,-0.11281286180019379,1.4069803953170776,001584,99.38973206440032,101.64640399323196
openbiomechanics\baseball_pitching\data\c3d\001584\001584_002806_70_181_011_FF_791.c3d,LFIN,368,1.6026551723480225,-0.05293692648410797,1.4177396297454834,001584,97.30538342467034,98.43615698486903
openbiomechanics\baseball_pitching\data\c3d\001584\001584_002806_70_181_012_FF_793.c3d,LFIN,367,1.6591627597808838,-0.05251113697886467,1.365527629852295,001584,95.76058962544668,99.97295071782405
openbiomechanics\baseball_pitching\data\c3d\001584\001584_002806_model.c3d,RFIN,8,-0.01693856716156006,-1.09722900390625,1.4773246049880981,001584,151.7385372586491,53.016730279124694
openbiomechanics\baseball_pitching\data\c3d\001587\001587_002927_74_176_001_FF_868.c3d,RFIN,475,1.6138532161712646,-0.4658491313457489,1.5456864833831787,001587,145.04611096966013,33.359964543962406
openbiomechanics\baseball_pitching\data\c3d\001587\001587_002927_74_176_004_FF_878.c3d,RFIN,403,1.6793937683105469,-0.5027769207954407,1.4883826971054077,001587,145.39243025977072,35.987532955788545
openbiomechanics\baseball_pitching\data\c3d\001587\001587_002927_74_176_006_FF_871.c3d,RFIN,451,1.5429143905639648,-0.5828300714492798,1.5221830606460571,001587,146.8258126607476,34.99522652597868
openbiomechanics\baseball_pitching\data\c3d\001587\001587_002927_74_176_008_FF_868.c3d,RFIN,500,1.5092631578445435,-0.5580178499221802,1.527883768081665,001587,147.17516647949495,34.90319927955363
openbiomechanics\baseball_pitching\data\c3d\001587\001587_002927_74_176_011_FF_869.c3d,RFIN,409,1.5999454259872437,-0.5705730319023132,1.5080729722976685,001587,147.43555957495082,34.66985050314301
openbiomechanics\baseball_pitching\data\c3d\001587\001587_002927_model.c3d,LFIN,7,0.03788946568965912,0.49040687084198,1.7514097690582275,001587,152.74482209773,52.134653974786914
openbiomechanics\baseball_pitching\data\c3d\001589\001589_002811_76_188_001_FF_758.c3d,LFIN,686,1.9102858304977417,0.014583508484065533,1.5908907651901245,001589,57.70308564598361,99.6980295199909
openbiomechanics\baseball_pitching\data\c3d\001589\001589_002811_76_188_002_FF_764.c3d,LFIN,611,1.8587114810943604,-0.04222806915640831,1.6359755992889404,001589,59.313022402044446,99.65266406981411
openbiomechanics\baseball_pitching\data\c3d\001589\001589_002811_76_188_003_FF_749.c3d,LFIN,615,1.9218535423278809,-0.06979252398014069,1.621437430381775,001589,58.759045806540236,97.77028623083817
openbiomechanics\baseball_pitching\data\c3d\001589\001589_002811_76_188_004_FF_751.c3d,LFIN,650,1.920592188835144,-0.05990803241729736,1.6379797458648682,001589,58.88837874168735,99.36787798292872
openbiomechanics\baseball_pitching\data\c3d\001589\001589_002811_76_188_006_FF_749.c3d,LFIN,582,1.9285125732421875,-0.06931993365287781,1.590834379196167,001589,57.42670389564175,97.62039969516906
openbiomechanics\baseball_pitching\data\c3d\001589\001589_002811_model.c3d,LFIN,1,0.00010770582593977451,0.515428364276886,1.5431914329528809,001589,147.50525969422802,54.168373937967225
openbiomechanics\baseball_pitching\data\c3d\001590\001590_002812_75_168_001_FF_805.c3d,RFIN,536,2.0971016883850098,-0.7856665849685669,1.3442683219909668,001590,139.9969147375356,46.85564071167352
openbiomechanics\baseball_pitching\data\c3d\001590\001590_002812_75_168_002_FF_798.c3d,RFIN,453,1.9978642463684082,-0.8790619969367981,1.3949137926101685,001590,140.4544794900511,40.140410266871875
openbiomechanics\baseball_pitching\data\c3d\001590\001590_002812_75_168_003_FF_810.c3d,RFIN,492,2.0129358768463135,-0.8704233169555664,1.4179127216339111,001590,141.55470951427984,38.73864383153082
openbiomechanics\baseball_pitching\data\c3d\001590\001590_002812_75_168_004_FF_799.c3d,RFIN,505,2.0564939975738525,-0.8407177925109863,1.3978824615478516,001590,138.45162686840848,36.20233748264993
openbiomechanics\baseball_pitching\data\c3d\001590\001590_002812_75_168_013_FF_793.c3d,RFIN,453,2.0469632148742676,-0.8217383623123169,1.3806899785995483,001590,144.29032324089417,41.70394331546439
openbiomechanics\baseball_pitching\data\c3d\001590\001590_002812_model.c3d,RFIN,7,0.08944591879844666,-1.0315419435501099,1.697732925415039,001590,140.6227628399556,42.46268365846025
openbiomechanics\baseball_pitching\data\c3d\001592\001592_002815_75_214_001_FF_911.c3d,RFIN,635,2.0812454223632812,-0.5146563053131104,1.5564943552017212,001592,134.71299994213646,21.452111832316024
openbiomechanics\baseball_pitching\data\c3d\001592\001592_002815_75_214_004_FF_907.c3d,RFIN,596,2.0299394130706787,-0.5661032795906067,1.5388898849487305,001592,133.59836088515928,24.37082968713226
openbiomechanics\baseball_pitching\data\c3d\001592\001592_002815_75_214_005_FF_896.c3d,RFIN,608,2.1756491661071777,-0.5862571001052856,1.4324053525924683,001592,133.18699414988077,25.50190012726724
openbiomechanics\baseball_pitching\data\c3d\001592\001592_002815_75_214_006_FF_896.c3d,RFIN,605,2.0881330966949463,-0.5298678874969482,1.5018553733825684,001592,133.16746484968596,27.719276422135493
openbiomechanics\baseball_pitching\data\c3d\001592\001592_002815_75_214_007_FF_896.c3d,RFIN,651,1.9957433938980103,-0.5866287350654602,1.534812331199646,001592,131.7587785013318,29.882017498506123
openbiomechanics\baseball_pitching\data\c3d\001592\001592_002815_model.c3d,LFIN,5,-0.050426628440618515,0.5036099553108215,1.6462936401367188,001592,137.14352198136996,41.70596492632431
openbiomechanics\baseball_pitching\data\c3d\001595\001595_002818_77_212_001_FF_867.c3d,RFIN,500,1.7301216125488281,-0.5569364428520203,1.584485650062561,001595,121.9109022715994,40.783535778696056
openbiomechanics\baseball_pitching\data\c3d\001595\001595_002818_77_212_003_FF_858.c3d,RFIN,449,1.748921275138855,-0.5822304487228394,1.5656983852386475,001595,122.61772906582993,40.8310174570397
openbiomechanics\baseball_pitching\data\c3d\001595\001595_002818_77_212_005_FF_863.c3d,RFIN,446,1.725777268409729,-0.5596858859062195,1.5779463052749634,001595,123.48399115256463,41.362851579878985
openbiomechanics\baseball_pitching\data\c3d\001595\001595_002818_77_212_007_FF_858.c3d,RFIN,442,1.5908613204956055,-0.629818320274353,1.6314276456832886,001595,125.0962935904853,45.025161064933506
openbiomechanics\baseball_pitching\data\c3d\001595\001595_002818_77_212_008_FF_858.c3d,RFIN,471,1.5641218423843384,-0.6576291918754578,1.594143271446228,001595,126.40892426064306,49.912358137170614
openbiomechanics\baseball_pitching\data\c3d\001595\001595_002818_model.c3d,LFIN,1,0.13129457831382751,0.565681517124176,1.6434438228607178,001595,130.97337686761307,55.75452684170933
openbiomechanics\baseball_pitching\data\c3d\001596\001596_002916_73_191_008_FF_935.c3d,RFIN,351,1.5947281122207642,-0.9423763751983643,1.4193788766860962,001596,149.10672495938005,37.77164677997704
openbiomechanics\baseball_pitching\data\c3d\001596\001596_002916_73_191_010_FF_930.c3d,RFIN,342,1.6199361085891724,-0.9065999984741211,1.4125757217407227,001596,150.58491359444093,38.056654070113225
openbiomechanics\baseball_pitching\data\c3d\001596\001596_002916_73_191_011_FF_942.c3d,RFIN,399,1.6111267805099487,-0.8904228806495667,1.4483425617218018,001596,148.9334880255775,38.083681661755286
openbiomechanics\baseball_pitching\data\c3d\001596\001596_002916_73_191_012_FF_944.c3d,RFIN,351,1.2641704082489014,-0.9590826034545898,1.3862711191177368,001596,146.81838221993738,39.16745669469648
openbiomechanics\baseball_pitching\data\c3d\001596\001596_002916_73_191_013_FF_940.c3d,RFIN,399,1.3202871084213257,-0.9803813099861145,1.3987163305282593,001596,147.3822959201912,38.33771534541691
openbiomechanics\baseball_pitching\data\c3d\001596\001596_002916_model.c3d,RFIN,7,0.024585934355854988,-1.0923616886138916,1.6132937669754028,001596,148.70449528948132,55.57707821098977
openbiomechanics\baseball_pitching\data\c3d\001605\001605_003247_70_194_002_FF_831.c3d,RFIN,454,1.7129870653152466,-0.8816881775856018,1.3209524154663086,001605,128.80098524378099,39.357594448647255
openbiomechanics\baseball_pitching\data\c3d\001605\001605_003247_70_194_003_FF_847.c3d,RFIN,489,1.6850324869155884,-0.9159210324287415,1.2981791496276855,001605,128.758228910825,39.57232620180113
openbiomechanics\baseball_pitching\data\c3d\001605\001605_003247_70_194_004_FF_821.c3d,RFIN,494,1.7033779621124268,-0.8867669105529785,1.314926266670227,001605,128.87571686073207,38.74501331068779
openbiomechanics\baseball_pitching\data\c3d\001605\001605_003247_70_194_005_FF_846.c3d,RFIN,436,1.7783946990966797,-0.8572635650634766,1.2794445753097534,001605,128.01984864702735,37.4324225433729
openbiomechanics\baseball_pitching\data\c3d\001605\001605_003247_70_194_009_FF_833.c3d,RFIN,622,1.758781909942627,-0.9328859448432922,1.2734183073043823,001605,127.8147728342815,39.61265433812645
openbiomechanics\baseball_pitching\data\c3d\001605\001605_003247_model.c3d,LFIN,8,-0.05078895017504692,0.42009493708610535,1.6124722957611084,001605,129.9500649672726,50.88311435550726
openbiomechanics\baseball_pitching\data\c3d\001606\001606_002833_71_185_006_FF_855.c3d,RFIN,466,2.072359085083008,-0.8737395405769348,1.3105355501174927,001606,127.24808648224725,34.85610575874952
openbiomechanics\baseball_pitching\data\c3d\001606\001606_002833_71_185_007_FF_859.c3d,RFIN,438,2.0606868267059326,-0.9203492403030396,1.3122369050979614,001606,128.62926084081917,33.03943161062119
openbiomechanics\baseball_pitching\data\c3d\001606\001606_002833_71_185_010_FF_852.c3d,RFIN,435,2.0249524116516113,-0.8835399150848389,1.3201942443847656,001606,128.3417969609683,37.94364763120978
openbiomechanics\baseball_pitching\data\c3d\001606\001606_002833_71_185_011_FF_858.c3d,RFIN,485,2.121413230895996,-0.9369409680366516,1.2290778160095215,001606,127.82010921808418,32.38474439947362
openbiomechanics\baseball_pitching\data\c3d\001606\001606_002833_71_185_012_FF_854.c3d,RFIN,538,2.0768373012542725,-0.858790934085846,1.2506285905838013,001606,127.20596759009553,32.23384262963084
openbiomechanics\baseball_pitching\data\c3d\001606\001606_002833_model.c3d,LFIN,1,-0.0005146369221620262,0.565197229385376,1.5524958372116089,001606,162.5587238104877,38.69578759941355
openbiomechanics\baseball_pitching\data\c3d\001607\001607_002981_73_189_001_FF_825.c3d,RFIN,674,1.9126245975494385,-0.6169207692146301,1.5549638271331787,001607,133.47308182648962,31.50721141331508
openbiomechanics\baseball_pitching\data\c3d\001607\001607_002981_73_189_003_FF_825.c3d,RFIN,512,1.8770151138305664,-0.6365100145339966,1.547900915145874,001607,133.3244879542113,32.81513189386009
openbiomechanics\baseball_pitching\data\c3d\001607\001607_002981_73_189_006_FF_825.c3d,RFIN,535,1.9177535772323608,-0.6801044344902039,1.5300958156585693,001607,135.52181980084342,31.07309219177732
openbiomechanics\baseball_pitching\data\c3d\001607\001607_002981_73_189_007_FF_838.c3d,RFIN,485,1.9282381534576416,-0.6029728651046753,1.5662099123001099,001607,135.67115359714336,30.571734247460817
openbiomechanics\baseball_pitching\data\c3d\001607\001607_002981_model.c3d,LFIN,4,0.07301320880651474,0.46666547656059265,1.6001495122909546,001607,143.3215857351009,44.16642783382635
openbiomechanics\baseball_pitching\data\c3d\001612\001612_002853_70_197_002_FF_824.c3d,RFIN,530,1.8429133892059326,-0.7051993012428284,1.501631259918213,001612,133.13588930350696,37.53933370724824
openbiomechanics\baseball_pitching\data\c3d\001612\001612_002853_70_197_006_FF_838.c3d,RFIN,598,1.9013054370880127,-0.7510576844215393,1.4990826845169067,001612,132.9989920446333,38.64515344603428
openbiomechanics\baseball_pitching\data\c3d\001612\001612_002853_70_197_007_FF_828.c3d,RFIN,480,1.9306411743164062,-0.7197661399841309,1.4528213739395142,001612,133.40233540109932,35.38613748750819
openbiomechanics\baseball_pitching\data\c3d\001612\001612_002853_70_197_009_FF_828.c3d,RFIN,552,1.8242591619491577,-0.740202784538269,1.5320841073989868,001612,133.0157439682738,39.330977441791916
openbiomechanics\baseball_pitching\data\c3d\001612\001612_002853_model.c3d,RFIN,1,-0.01827194169163704,-1.030859351158142,1.5753231048583984,001612,139.51744887730177,52.406577729281295
openbiomechanics\baseball_pitching\data\c3d\001615\001615_002965_73_192_001_FF_857.c3d,RFIN,567,1.826973557472229,-0.8172674179077148,1.5357557535171509,001615,129.95930981502102,26.450590724059776
openbiomechanics\baseball_pitching\data\c3d\001615\001615_002965_73_192_002_FF_866.c3d,RFIN,637,1.8255481719970703,-0.8138878345489502,1.557307481765747,001615,132.71230549017733,25.88766300487144
openbiomechanics\baseball_pitching\data\c3d\001615\001615_002965_73_192_004_FF_864.c3d,RFIN,620,1.802475929260254,-0.7580289244651794,1.5680761337280273,001615,130.90101790616356,24.46302586591715
openbiomechanics\baseball_pitching\data\c3d\001615\001615_002965_73_192_005_FF_854.c3d,RFIN,544,1.796451210975647,-0.7910827398300171,1.5690038204193115,001615,130.78339847958014,25.963367389197465
openbiomechanics\baseball_pitching\data\c3d\001615\001615_002965_73_192_010_FF_867.c3d,RFIN,484,1.823108196258545,-0.5722355842590332,1.5515875816345215,001615,129.06770846261972,23.742900834909282
openbiomechanics\baseball_pitching\data\c3d\001615\001615_002965_model.c3d,LFIN,9,0.20667462050914764,0.4331013858318329,1.6061497926712036,001615,143.95193052677618,52.962494965638925
openbiomechanics\baseball_pitching\data\c3d\001616\001616_002857_73_153_005_FF_726.c3d,RFIN,545,1.621495246887207,-0.7598552107810974,1.5549161434173584,001616,151.90146300607813,35.61958785604346
openbiomechanics\baseball_pitching\data\c3d\001616\001616_002857_73_153_006_FF_735.c3d,RFIN,567,1.694944977760315,-0.7090231776237488,1.5249652862548828,001616,153.14597011030807,36.683289396959225
openbiomechanics\baseball_pitching\data\c3d\001616\001616_002857_73_153_007_FF_731.c3d,RFIN,503,1.6428356170654297,-0.7215927839279175,1.5462110042572021,001616,153.6881711813814,36.9115625712191
openbiomechanics\baseball_pitching\data\c3d\001616\001616_002857_73_153_008_FF_729.c3d,RFIN,490,1.6755460500717163,-0.7026649713516235,1.5759598016738892,001616,151.6357826836129,34.64147078749705
openbiomechanics\baseball_pitching\data\c3d\001616\001616_002857_73_153_009_FF_733.c3d,RFIN,534,1.6012412309646606,-0.7004604339599609,1.575820803642273,001616,152.588540978453,36.276435494920726
openbiomechanics\baseball_pitching\data\c3d\001616\001616_002857_model.c3d,RFIN,0,-0.0886600986123085,-1.0500413179397583,1.5853893756866455,001616,151.78514604088036,54.54422349772048
openbiomechanics\baseball_pitching\data\c3d\001618\001618_002859_73_207_005_FF_909.c3d,RFIN,529,1.4375022649765015,-0.8106070756912231,1.5310770273208618,001618,124.8510433939218,42.59554140869286
openbiomechanics\baseball_pitching\data\c3d\001618\001618_002859_73_207_006_FF_915.c3d,RFIN,559,1.4585883617401123,-0.7834093570709229,1.5361194610595703,001618,124.07124075744997,44.4704843333171
openbiomechanics\baseball_pitching\data\c3d\001618\001618_002859_73_207_008_FF_908.c3d,RFIN,554,1.5091338157653809,-0.8244457244873047,1.5294848680496216,001618,128.65472712476938,40.78916120164784
openbiomechanics\baseball_pitching\data\c3d\001618\001618_002859_73_207_009_FF_908.c3d,RFIN,525,1.4761435985565186,-0.7846783995628357,1.5241907835006714,001618,125.80954161772644,43.51536182932804
openbiomechanics\baseball_pitching\data\c3d\001618\001618_002859_73_207_012_FF_914.c3d,RFIN,525,1.4831565618515015,-0.8172509074211121,1.5551865100860596,001618,124.7520814514855,43.701483506871355
openbiomechanics\baseball_pitching\data\c3d\001618\001618_002859_model.c3d,RFIN,0,0.005793068557977676,-1.0679329633712769,1.6298662424087524,001618,148.2552984968874,43.00239942311886
openbiomechanics\baseball_pitching\data\c3d\001619\001619_002860_71_174_001_FF_890.c3d,RFIN,585,1.4850736856460571,-0.7775371074676514,1.4684308767318726,001619,135.41244786747103,34.93436845401817
openbiomechanics\baseball_pitching\data\c3d\001619\001619_002860_71_174_003_FF_886.c3d,RFIN,602,1.5504281520843506,-0.8340863585472107,1.444773554801941,001619,136.26045486216975,34.94803416532275
openbiomechanics\baseball_pitching\data\c3d\001619\001619_002860_71_174_004_FF_878.c3d,RFIN,598,1.49270761013031,-0.8260459899902344,1.4573922157287598,001619,136.22338883002078,36.031281462645616
openbiomechanics\baseball_pitching\data\c3d\001619\001619_002860_71_174_008_FF_895.c3d,RFIN,606,1.4864904880523682,-0.8791188597679138,1.4334200620651245,001619,137.15514675880817,36.85131030619196
openbiomechanics\baseball_pitching\data\c3d\001619\001619_002860_model.c3d,RFIN,7,-0.06493549793958664,-1.000011920928955,1.5215734243392944,001619,136.2279221218128,52.19727949838159
openbiomechanics\baseball_pitching\data\c3d\001620\001620_002861_69_182_003_FF_875.c3d,RFIN,691,1.9863944053649902,-0.8848567008972168,1.165539026260376,001620,130.73180299632102,38.87183983108789
openbiomechanics\baseball_pitching\data\c3d\001620\001620_002861_69_182_005_FF_874.c3d,RFIN,525,1.968248963356018,-0.8995816111564636,1.1324236392974854,001620,131.37059844411925,38.47449059089723
openbiomechanics\baseball_pitching\data\c3d\001620\001620_002861_69_182_007_FF_876.c3d,RFIN,559,1.9294840097427368,-0.8704954385757446,1.173944354057312,001620,131.20816407299847,39.58125849802952
openbiomechanics\baseball_pitching\data\c3d\001620\001620_002861_69_182_008_FF_889.c3d,RFIN,536,1.9080387353897095,-0.8967747092247009,1.1728615760803223,001620,132.90785026037506,39.72764023691258
openbiomechanics\baseball_pitching\data\c3d\001620\001620_002861_69_182_009_FF_878.c3d,RFIN,503,1.908915638923645,-0.8533265590667725,1.1821346282958984,001620,128.79089000679403,38.092211923495526
openbiomechanics\baseball_pitching\data\c3d\001620\001620_002861_model.c3d,LFIN,8,-0.04063038527965546,0.3709908723831177,1.5073888301849365,001620,147.206728994566,61.30846537821747
openbiomechanics\baseball_pitching\data\c3d\001621\001621_002935_78_200_002_FF_921.c3d,RFIN,565,1.8321155309677124,-1.0374020338058472,1.4134365320205688,001621,133.38152737702362,40.466852837463485
openbiomechanics\baseball_pitching\data\c3d\001621\001621_002935_78_200_003_FF_931.c3d,RFIN,504,1.6073099374771118,-1.0666756629943848,1.4282792806625366,001621,137.16852733728862,43.80794127392953
openbiomechanics\baseball_pitching\data\c3d\001621\001621_002935_78_200_005_FF_928.c3d,RFIN,496,1.5629363059997559,-1.0542985200881958,1.399198055267334,001621,135.21491639944767,47.95420416036661
openbiomechanics\baseball_pitching\data\c3d\001621\001621_002935_78_200_006_FF_926.c3d,RFIN,554,1.6244782209396362,-1.1276899576187134,1.402072787284851,001621,135.54879011339398,45.71014296027407
openbiomechanics\baseball_pitching\data\c3d\001621\001621_002935_78_200_007_FF_921.c3d,RFIN,566,1.6078646183013916,-1.1537102460861206,1.4378492832183838,001621,138.50026148344267,43.26451273599357
openbiomechanics\baseball_pitching\data\c3d\001621\001621_002935_model.c3d,RFIN,7,-0.012618828564882278,-1.1345759630203247,1.7417885065078735,001621,138.55238581891805,43.732113948044514
openbiomechanics\baseball_pitching\data\c3d\001624\001624_002865_74_193_002_FF_859.c3d,RFIN,730,1.7713979482650757,-0.5498706102371216,1.4898487329483032,001624,128.46221511655872,37.87681900756504
openbiomechanics\baseball_pitching\data\c3d\001624\001624_002865_74_193_003_FF_860.c3d,RFIN,682,1.7644373178482056,-0.5249617695808411,1.4820119142532349,001624,130.67157629664976,39.985401722681736
openbiomechanics\baseball_pitching\data\c3d\001624\001624_002865_74_193_004_FF_858.c3d,RFIN,617,1.7654310464859009,-0.5344549417495728,1.4950125217437744,001624,129.74962786155677,40.54630084734179
openbiomechanics\baseball_pitching\data\c3d\001624\001624_002865_74_193_005_FF_851.c3d,RFIN,676,1.7359920740127563,-0.5344848036766052,1.4909347295761108,001624,128.7695485170352,39.171810924012576
openbiomechanics\baseball_pitching\data\c3d\001624\001624_002865_74_193_006_FF_851.c3d,RFIN,571,1.7365306615829468,-0.5029866099357605,1.4710339307785034,001624,129.9793040167274,41.34168895065243
openbiomechanics\baseball_pitching\data\c3d\001624\001624_002865_model.c3d,RFIN,9,-0.03232071176171303,-1.0382097959518433,1.5907553434371948,001624,139.04634284073427,55.5956469044339
openbiomechanics\baseball_pitching\data\c3d\001630\001630_002882_73_196_004_FF_878.c3d,RFIN,532,1.8362215757369995,-1.0510649681091309,1.4098820686340332,001630,131.02551355762307,35.91136482183587
openbiomechanics\baseball_pitching\data\c3d\001630\001630_002882_73_196_005_FF_849.c3d,RFIN,499,1.8711907863616943,-0.9766481518745422,1.4228155612945557,001630,132.0808311969954,34.89082181540781
openbiomechanics\baseball_pitching\data\c3d\001630\001630_002882_73_196_007_FF_841.c3d,RFIN,575,1.8195204734802246,-1.045855164527893,1.4357644319534302,001630,132.39145324283513,38.194554376855294
openbiomechanics\baseball_pitching\data\c3d\001630\001630_002882_73_196_008_FF_834.c3d,RFIN,536,1.864818811416626,-1.0358392000198364,1.4054926633834839,001630,131.37061285163853,34.55883204966225
openbiomechanics\baseball_pitching\data\c3d\001630\001630_002882_model.c3d,LFIN,3,0.20787513256072998,0.48230358958244324,1.6400742530822754,001630,133.0488430391997,44.29653526658721
openbiomechanics\baseball_pitching\data\c3d\001632\001632_002999_76_212_001_FF_841.c3d,RFIN,512,2.201382637023926,-0.9848272800445557,1.2720656394958496,001632,131.19311522119472,35.49370491670801
openbiomechanics\baseball_pitching\data\c3d\001632\001632_002999_76_212_002_FF_843.c3d,RFIN,550,2.2108912467956543,-1.010693073272705,1.2606689929962158,001632,131.3560970987196,33.22136380401301
openbiomechanics\baseball_pitching\data\c3d\001632\001632_002999_76_212_004_FF_844.c3d,RFIN,482,2.0810201168060303,-1.0341368913650513,1.3458298444747925,001632,131.01339060421023,32.505329034864744
openbiomechanics\baseball_pitching\data\c3d\001632\001632_002999_76_212_005_FF_834.c3d,RFIN,512,2.149268388748169,-0.9658011198043823,1.32900869846344,001632,130.89334263339313,30.971899424990333
openbiomechanics\baseball_pitching\data\c3d\001632\001632_002999_76_212_007_FF_838.c3d,RFIN,494,2.1961803436279297,-1.0139002799987793,1.3075672388076782,001632,132.3908968881287,31.871491578759308
openbiomechanics\baseball_pitching\data\c3d\001632\001632_002999_model.c3d,RFIN,5,-0.15695571899414062,-1.1198633909225464,1.6858125925064087,001632,160.09590544965786,54.49625654695215
openbiomechanics\baseball_pitching\data\c3d\001633\001633_002891_74_251_009_FF_873.c3d,RFIN,601,1.9282926321029663,-0.8891099691390991,1.409507393836975,001633,131.63815384281207,24.98838893754805
openbiomechanics\baseball_pitching\data\c3d\001633\001633_002891_74_251_010_FF_872.c3d,RFIN,586,1.9535512924194336,-0.9310470819473267,1.369678020477295,001633,132.34947630919157,25.14590220540157
openbiomechanics\baseball_pitching\data\c3d\001633\001633_002891_74_251_011_FF_869.c3d,RFIN,545,1.942927598953247,-0.987358808517456,1.373120665550232,001633,132.37595539492966,24.171942067850473
openbiomechanics\baseball_pitching\data\c3d\001633\001633_002891_74_251_012_FF_879.c3d,RFIN,599,1.901123285293579,-0.922746479511261,1.4038574695587158,001633,131.72069615329696,29.639340520690673
openbiomechanics\baseball_pitching\data\c3d\001633\001633_002891_74_251_013_FF_879.c3d,RFIN,538,1.9592289924621582,-0.9254215955734253,1.3460198640823364,001633,130.70247319414895,26.071235539380055
openbiomechanics\baseball_pitching\data\c3d\001633\001633_002891_model.c3d,RFIN,7,-0.018892187625169754,-1.0998891592025757,1.636568546295166,001633,156.21567896020912,47.04989002133638
openbiomechanics\baseball_pitching\data\c3d\001636\001636_002905_74_219_002_FF_880.c3d,LFIN,473,1.808883547782898,0.34403327107429504,1.4076119661331177,001636,58.731364438497565,86.8627456606522
openbiomechanics\baseball_pitching\data\c3d\001636\001636_002905_74_219_003_FF_878.c3d,LFIN,400,1.96504545211792,0.35807666182518005,1.3345643281936646,001636,58.267298020025805,87.70983892833
openbiomechanics\baseball_pitching\data\c3d\001636\001636_002905_74_219_006_FF_884.c3d,LFIN,349,1.9793198108673096,0.355480819940567,1.2910997867584229,001636,56.608016559186844,88.14873659236618
openbiomechanics\baseball_pitching\data\c3d\001636\001636_002905_74_219_007_FF_883.c3d,LFIN,435,1.9698768854141235,0.349851131439209,1.3235394954681396,001636,58.6779662081487,89.70166529460164
openbiomechanics\baseball_pitching\data\c3d\001636\001636_002905_74_219_008_FF_876.c3d,LFIN,350,1.8816758394241333,0.4187127947807312,1.3265151977539062,001636,57.46389671562301,87.63753645017816
openbiomechanics\baseball_pitching\data\c3d\001636\001636_002905_model.c3d,RFIN,9,-0.027732204645872116,-1.1398866176605225,1.7041540145874023,001636,135.80771665287136,46.0369824051503
openbiomechanics\baseball_pitching\data\c3d\001637\001637_002918_74_221_003_FF_891.c3d,RFIN,446,1.8965604305267334,-0.517779529094696,1.535305142402649,001637,144.42530240850743,36.33465916459293
openbiomechanics\baseball_pitching\data\c3d\001637\001637_002918_74_221_004_FF_904.c3d,RFIN,403,1.928446888923645,-0.5259579420089722,1.5197701454162598,001637,144.54536951385637,35.91004409734455
openbiomechanics\baseball_pitching\data\c3d\001637\001637_002918_74_221_005_FF_898.c3d,RFIN,412,1.5980342626571655,-0.6503193378448486,1.569329023361206,001637,133.69984756014875,46.40283786008024
openbiomechanics\baseball_pitching\data\c3d\001637\001637_002918_74_221_006_FF_903.c3d,RFIN,462,1.6025621891021729,-0.6388298273086548,1.5821455717086792,001637,132.4160335186227,46.78505248589282
openbiomechanics\baseball_pitching\data\c3d\001637\001637_002918_74_221_007_FF_893.c3d,RFIN,428,1.8821278810501099,-0.5626426935195923,1.5285335779190063,001637,144.99303764071928,35.689113254186346
openbiomechanics\baseball_pitching\data\c3d\001637\001637_002918_model.c3d,RFIN,5,-0.0400226004421711,-1.1079214811325073,1.6839553117752075,001637,146.12767832451453,53.12834416440287
openbiomechanics\baseball_pitching\data\c3d\001641\001641_002923_70_162_001_FF_789.c3d,RFIN,473,1.6309183835983276,-0.8744013905525208,1.43253755569458,001641,128.7166060115064,44.26818579488903
openbiomechanics\baseball_pitching\data\c3d\001641\001641_002923_70_162_004_FF_764.c3d,RFIN,572,1.614906907081604,-0.8765645623207092,1.4171757698059082,001641,132.49091313315634,45.17175764346405
openbiomechanics\baseball_pitching\data\c3d\001641\001641_002923_70_162_005_FF_769.c3d,RFIN,523,1.642327070236206,-0.848232626914978,1.3854163885116577,001641,134.21246270053095,45.5794876185437
openbiomechanics\baseball_pitching\data\c3d\001641\001641_002923_70_162_007_FF_763.c3d,RFIN,580,1.6364248991012573,-0.8525668382644653,1.4108015298843384,001641,133.20277631408803,43.122378534193466
openbiomechanics\baseball_pitching\data\c3d\001641\001641_002923_70_162_008_FF_763.c3d,RFIN,520,1.6743009090423584,-0.8317216634750366,1.4039808511734009,001641,134.45086672874797,44.10841210460429
openbiomechanics\baseball_pitching\data\c3d\001641\001641_002923_model.c3d,RFIN,0,-0.13040293753147125,-1.012774109840393,1.5580861568450928,001641,146.78910475227156,58.91606911600234
openbiomechanics\baseball_pitching\data\c3d\001644\001644_002926_67_178_001_FF_834.c3d,LFIN,480,1.69069504737854,-0.02828250452876091,1.3258755207061768,001644,82.26531433305064,89.73542499193867
openbiomechanics\baseball_pitching\data\c3d\001644\001644_002926_67_178_002_FF_841.c3d,LFIN,463,1.7137213945388794,-0.07334376126527786,1.3423206806182861,001644,81.03236817997164,89.25894388101841
openbiomechanics\baseball_pitching\data\c3d\001644\001644_002926_67_178_004_FF_834.c3d,LFIN,421,1.7751007080078125,-0.1096893846988678,1.281308889389038,001644,76.77181059103012,85.709028830409
openbiomechanics\baseball_pitching\data\c3d\001644\001644_002926_67_178_005_FF_829.c3d,LFIN,414,1.7503165006637573,-0.024872789159417152,1.2772128582000732,001644,83.81252386695677,89.67104416478888
openbiomechanics\baseball_pitching\data\c3d\001644\001644_002926_model.c3d,LFIN,7,0.03861917182803154,0.40428197383880615,1.552699327468872,001644,143.40449323530288,44.30808229890997
openbiomechanics\baseball_pitching\data\c3d\001659\001659_003232_71_188_002_FF_828.c3d,RFIN,791,1.8769561052322388,-0.4554750919342041,1.3767675161361694,001659,141.74673464747028,29.823922800232438
openbiomechanics\baseball_pitching\data\c3d\001659\001659_003232_71_188_003_FF_834.c3d,RFIN,853,1.9117345809936523,-0.48275089263916016,1.3404343128204346,001659,141.78866504066502,29.843570915627257
openbiomechanics\baseball_pitching\data\c3d\001659\001659_003232_71_188_004_FF_833.c3d,RFIN,946,1.8364884853363037,-0.3551230728626251,1.4028873443603516,001659,142.29204740486898,27.479906742552973
openbiomechanics\baseball_pitching\data\c3d\001659\001659_003232_71_188_005_FF_829.c3d,RFIN,1016,1.8618574142456055,-0.438821405172348,1.3841947317123413,001659,141.36050056454542,28.77269349192276
openbiomechanics\baseball_pitching\data\c3d\001659\001659_003232_71_188_011_FF_828.c3d,RFIN,1038,1.882542610168457,-0.4395163059234619,1.3575106859207153,001659,142.29374519546144,27.948466216110226
openbiomechanics\baseball_pitching\data\c3d\001659\001659_003232_model.c3d,LFIN,9,0.14817006886005402,0.4781729280948639,1.4423843622207642,001659,152.41638888990357,50.12836715167832
openbiomechanics\baseball_pitching\data\c3d\001663\001663_002979_79_224_001_FF_852.c3d,RFIN,592,2.0211195945739746,-0.8393309116363525,1.6633027791976929,001663,129.91825895989123,34.33519846987199
openbiomechanics\baseball_pitching\data\c3d\001663\001663_002979_79_224_002_FF_849.c3d,RFIN,586,1.9799493551254272,-0.8391896486282349,1.6976397037506104,001663,131.34020145129645,33.861968922998656
openbiomechanics\baseball_pitching\data\c3d\001663\001663_002979_79_224_003_FF_826.c3d,RFIN,611,2.031856060028076,-0.8074069023132324,1.7012863159179688,001663,132.4876867091208,34.50582242711574
openbiomechanics\baseball_pitching\data\c3d\001663\001663_002979_79_224_006_FF_833.c3d,RFIN,503,2.0207931995391846,-0.8289808034896851,1.6933722496032715,001663,128.74620523684658,37.83164208656977
openbiomechanics\baseball_pitching\data\c3d\001663\001663_002979_79_224_009_FF_836.c3d,RFIN,512,2.0489320755004883,-0.8933940529823303,1.7047991752624512,001663,133.35107948099383,35.65900429850098
openbiomechanics\baseball_pitching\data\c3d\001663\001663_002979_model.c3d,RFIN,1,-0.0404413677752018,-1.1835705041885376,1.7618451118469238,001663,158.4785464812395,58.70956957609936
openbiomechanics\baseball_pitching\data\c3d\001667\001667_002993_73_214_004_FF_913.c3d,RFIN,577,2.1677703857421875,-0.6830328702926636,1.4401087760925293,001667,135.4741741615862,27.215366206247932
openbiomechanics\baseball_pitching\data\c3d\001667\001667_002993_73_214_005_FF_909.c3d,RFIN,622,2.150224208831787,-0.5303073525428772,1.5003782510757446,001667,135.4265194012717,27.574876621734923
openbiomechanics\baseball_pitching\data\c3d\001667\001667_002993_73_214_006_FF_916.c3d,RFIN,592,2.1540000438690186,-0.6575435400009155,1.493605375289917,001667,133.80166715212636,27.63258486530943
openbiomechanics\baseball_pitching\data\c3d\001667\001667_002993_73_214_009_FF_906.c3d,RFIN,601,2.2581300735473633,-0.6076928973197937,1.3863316774368286,001667,127.17667721190503,34.42916164907748
openbiomechanics\baseball_pitching\data\c3d\001667\001667_002993_model.c3d,RFIN,3,0.055680107325315475,-1.1070282459259033,1.5785460472106934,001667,136.80136548965618,44.82813725990513
openbiomechanics\baseball_pitching\data\c3d\001685\001685_003036_73_200_001_FF_861.c3d,LFIN,475,1.3691880702972412,0.3812064528465271,1.7388298511505127,001685,59.967367592693456,76.78736529750451
openbiomechanics\baseball_pitching\data\c3d\001685\001685_003036_73_200_002_FF_864.c3d,LFIN,467,1.709388256072998,0.2497936189174652,1.6953247785568237,001685,59.39977424320974,77.51710549585763
openbiomechanics\baseball_pitching\data\c3d\001685\001685_003036_73_200_003_FF_872.c3d,LFIN,472,1.8452320098876953,0.07410302758216858,1.6757069826126099,001685,60.8113050556136,76.5988329398557
openbiomechanics\baseball_pitching\data\c3d\001685\001685_003036_73_200_004_FF_876.c3d,LFIN,448,1.7250182628631592,0.20740337669849396,1.7009016275405884,001685,60.44262466411824,76.47456758248745
openbiomechanics\baseball_pitching\data\c3d\001685\001685_003036_model.c3d,RFIN,0,-0.09782541543245316,-1.1312607526779175,1.5661077499389648,001685,148.8750859625457,53.86288591644181
openbiomechanics\baseball_pitching\data\c3d\001688\001688_003043_72_236_004_FF_879.c3d,RFIN,547,2.04129958152771,-0.7588830590248108,1.377624750137329,001688,138.13789829665635,23.45674544805953
openbiomechanics\baseball_pitching\data\c3d\001688\001688_003043_72_236_005_FF_869.c3d,RFIN,608,1.9875223636627197,-0.7972500324249268,1.4432854652404785,001688,138.02585532564945,25.208543304442138
openbiomechanics\baseball_pitching\data\c3d\001688\001688_003043_72_236_006_FF_870.c3d,RFIN,552,2.045353889465332,-0.731126606464386,1.400173306465149,001688,138.21135738450204,23.403111883370222
openbiomechanics\baseball_pitching\data\c3d\001688\001688_003043_72_236_008_FF_875.c3d,RFIN,544,1.9906316995620728,-0.7547877430915833,1.4283851385116577,001688,138.75584501268816,24.96267598226748
openbiomechanics\baseball_pitching\data\c3d\001688\001688_003043_72_236_009_FF_869.c3d,RFIN,535,1.9365718364715576,-0.777733564376831,1.4571105241775513,001688,139.30451183945306,26.295233363201497
openbiomechanics\baseball_pitching\data\c3d\001688\001688_003043_model.c3d,LFIN,8,-0.09877698123455048,0.5119264125823975,1.5522493124008179,001688,145.41290355801192,49.65937054727634
openbiomechanics\baseball_pitching\data\c3d\001689\001689_003046_69_174_002_FF_821.c3d,RFIN,499,1.8645389080047607,-0.8557009100914001,1.3719611167907715,001689,129.59894667073254,30.538475261049943
openbiomechanics\baseball_pitching\data\c3d\001689\001689_003046_69_174_004_FF_819.c3d,RFIN,544,1.883840799331665,-0.752202033996582,1.3889477252960205,001689,130.57666768534108,31.728679426279378
openbiomechanics\baseball_pitching\data\c3d\001689\001689_003046_69_174_005_FF_817.c3d,RFIN,561,1.9042257070541382,-0.7950384020805359,1.3481215238571167,001689,129.568572527081,31.020293937031546
openbiomechanics\baseball_pitching\data\c3d\001689\001689_003046_69_174_006_FF_823.c3d,RFIN,563,1.863614797592163,-0.8367472887039185,1.4210351705551147,001689,130.34216646398923,33.043988348721385
openbiomechanics\baseball_pitching\data\c3d\001689\001689_003046_model.c3d,LFIN,8,-0.1698918491601944,0.41402602195739746,1.4439829587936401,001689,143.487015271999,52.9378419955653
openbiomechanics\baseball_pitching\data\c3d\001691\001691_003248_72_179_002_FF_898.c3d,RFIN,576,1.859683632850647,-0.6441693305969238,1.5293290615081787,001691,134.89740004783982,37.34243024729661
openbiomechanics\baseball_pitching\data\c3d\001691\001691_003248_72_179_003_FF_906.c3d,RFIN,675,1.7949259281158447,-0.6592246890068054,1.5591893196105957,001691,134.89419985337656,37.79960241146203
openbiomechanics\baseball_pitching\data\c3d\001691\001691_003248_72_179_004_FF_911.c3d,RFIN,648,1.7777769565582275,-0.6945498585700989,1.5633307695388794,001691,135.4121795054835,37.99464842599311
openbiomechanics\baseball_pitching\data\c3d\001691\001691_003248_72_179_008_FF_914.c3d,RFIN,637,1.7871781587600708,-0.6977898478507996,1.5735074281692505,001691,135.49951638051925,37.32263743777167
openbiomechanics\baseball_pitching\data\c3d\001691\001691_003248_72_179_012_FF_905.c3d,RFIN,669,1.803048849105835,-0.701640248298645,1.5388537645339966,001691,136.00887628227235,38.95023145759989
openbiomechanics\baseball_pitching\data\c3d\001691\001691_003248_model.c3d,LFIN,7,-0.05283498018980026,0.5023924112319946,1.6222827434539795,001691,137.11701961495,52.183996856661764
openbiomechanics\baseball_pitching\data\c3d\001692\001692_003055_75_206_001_FF_788.c3d,RFIN,592,1.9812209606170654,-0.9634119272232056,1.6200886964797974,001692,138.92467455759788,31.141397144595057
openbiomechanics\baseball_pitching\data\c3d\001692\001692_003055_75_206_003_FF_785.c3d,RFIN,594,1.987040638923645,-0.9542964100837708,1.5998390913009644,001692,140.2544110498883,31.421131848758392
openbiomechanics\baseball_pitching\data\c3d\001692\001692_003055_75_206_004_FF_805.c3d,RFIN,575,2.011384963989258,-0.9892622232437134,1.5975614786148071,001692,139.5098026011252,30.617109523001222
openbiomechanics\baseball_pitching\data\c3d\001692\001692_003055_75_206_005_FF_793.c3d,RFIN,548,2.121295690536499,-0.9529821872711182,1.5411126613616943,001692,140.34777927087265,31.355088345451577
openbiomechanics\baseball_pitching\data\c3d\001692\001692_003055_75_206_007_FF_783.c3d,RFIN,628,1.9345784187316895,-1.0245689153671265,1.6112613677978516,001692,135.7769845398273,31.455143663208908
openbiomechanics\baseball_pitching\data\c3d\001692\001692_003055_model.c3d,LFIN,4,0.12115611881017685,0.43818509578704834,1.6396887302398682,001692,139.25682721589186,50.269304034184664
openbiomechanics\baseball_pitching\data\c3d\001706\001706_003228_73_207_002_FF_906.c3d,RFIN,567,1.869557499885559,-0.7106965184211731,1.5691746473312378,001706,134.5603904009107,36.2996855518974
openbiomechanics\baseball_pitching\data\c3d\001706\001706_003228_73_207_003_FF_911.c3d,RFIN,525,1.8754394054412842,-0.7592485547065735,1.5666072368621826,001706,133.90323195001622,34.94748321589515
openbiomechanics\baseball_pitching\data\c3d\001706\001706_003228_73_207_004_FF_920.c3d,RFIN,576,1.8380101919174194,-0.7437403202056885,1.576366901397705,001706,134.6635980579637,36.20768077169493
openbiomechanics\baseball_pitching\data\c3d\001706\001706_003228_73_207_006_FF_906.c3d,RFIN,626,1.853172779083252,-0.6844971179962158,1.5616275072097778,001706,136.2120699858056,35.35020356956847
openbiomechanics\baseball_pitching\data\c3d\001706\001706_003228_73_207_007_FF_908.c3d,RFIN,682,1.8796186447143555,-0.6789857149124146,1.5429058074951172,001706,136.52151253568098,34.99113600537397
openbiomechanics\baseball_pitching\data\c3d\001706\001706_003228_model.c3d,LFIN,4,-0.08060592412948608,0.4669898450374603,1.5525621175765991,001706,143.28736107429103,56.8406394948596
openbiomechanics\baseball_pitching\data\c3d\001724\001724_003233_75_178_001_FF_857.c3d,RFIN,574,1.685347080230713,-0.5949190855026245,1.6406984329223633,001724,129.62186421025007,53.40683738038025
openbiomechanics\baseball_pitching\data\c3d\001724\001724_003233_75_178_002_FF_865.c3d,RFIN,565,1.8031535148620605,-0.591022253036499,1.6014282703399658,001724,137.91656441645685,45.2854120098333
openbiomechanics\baseball_pitching\data\c3d\001724\001724_003233_75_178_003_FF_851.c3d,RFIN,556,1.7687753438949585,-0.5250976085662842,1.623363971710205,001724,129.19373354518862,51.79975646467498
openbiomechanics\baseball_pitching\data\c3d\001724\001724_003233_75_178_006_FF_861.c3d,RFIN,500,1.7166492938995361,-0.5326247215270996,1.624950647354126,001724,132.25268136272422,52.45608472226754
openbiomechanics\baseball_pitching\data\c3d\001724\001724_003233_75_178_008_FF_858.c3d,RFIN,498,1.7668298482894897,-0.542360782623291,1.629407286643982,001724,131.7059033520703,53.00675218275964
openbiomechanics\baseball_pitching\data\c3d\001724\001724_003233_model.c3d,RFIN,5,-0.11118900030851364,-1.0831050872802734,1.7717303037643433,001724,141.54514879071522,46.48296650200634
openbiomechanics\baseball_pitching\data\c3d\001737\001737_003140_69_185_002_FF_849.c3d,RFIN,408,1.8471554517745972,-0.7185818552970886,1.4149420261383057,001737,132.61294467772697,31.769565648484036
openbiomechanics\baseball_pitching\data\c3d\001737\001737_003140_69_185_003_FF_845.c3d,RFIN,395,1.8646278381347656,-0.7990092039108276,1.3651301860809326,001737,132.50904697657762,33.394475924538206
openbiomechanics\baseball_pitching\data\c3d\001737\001737_003140_69_185_004_FF_858.c3d,RFIN,378,1.8444932699203491,-0.8349559307098389,1.3759580850601196,001737,130.318807377106,33.26641504355497
openbiomechanics\baseball_pitching\data\c3d\001737\001737_003140_69_185_005_FF_843.c3d,RFIN,392,1.79544198513031,-0.8915054202079773,1.3956809043884277,001737,131.66961701583728,35.05404125648868
openbiomechanics\baseball_pitching\data\c3d\001737\001737_003140_69_185_008_FF_844.c3d,RFIN,394,1.8176802396774292,-0.7298057675361633,1.4097541570663452,001737,132.3312567245201,32.75615290500828
openbiomechanics\baseball_pitching\data\c3d\001737\001737_003140_model.c3d,RFIN,8,-0.040586575865745544,-1.0285909175872803,1.4240121841430664,001737,142.27962833961797,52.50672728555969
openbiomechanics\baseball_pitching\data\c3d\001756\001756_003172_72_162_001_FF_783.c3d,RFIN,709,1.8512568473815918,-0.3427939713001251,1.5034096240997314,001756,146.27035365054047,27.573229920626023
openbiomechanics\baseball_pitching\data\c3d\001756\001756_003172_72_162_002_FF_792.c3d,RFIN,615,2.0088467597961426,-0.3761349022388458,1.4271776676177979,001756,145.81173406769457,28.663943217696016
openbiomechanics\baseball_pitching\data\c3d\001756\001756_003172_72_162_003_FF_782.c3d,RFIN,541,1.949722409248352,-0.2983454763889313,1.460182547569275,001756,146.32399235095943,25.83178799924683
openbiomechanics\baseball_pitching\data\c3d\001756\001756_003172_72_162_004_FF_788.c3d,RFIN,711,2.00978946685791,-0.4054012596607208,1.3898123502731323,001756,145.92947507244696,29.43742738370711
openbiomechanics\baseball_pitching\data\c3d\001756\001756_003172_72_162_006_FF_774.c3d,RFIN,628,1.9975759983062744,-0.33787664771080017,1.4112765789031982,001756,145.81037519183167,28.55666010273089
openbiomechanics\baseball_pitching\data\c3d\001756\001756_003172_model.c3d,RFIN,8,-0.015758372843265533,-1.0939010381698608,1.512985348701477,001756,153.70697168314302,44.03599398909459
